tipo,frame_id,time_ms,exceeds
GPU,1,232.294,1
GPU,2,8.0973,0
GPU,3,2.8851,0
GPU,4,2.1491,0
GPU,5,4.466,0
GPU,6,3.0168,0
GPU,7,2.5429,0
GPU,8,2.8468,0
GPU,9,2.653,0
GPU,10,2.4526,0
GPU,11,2.4522,0
GPU,12,2.5386,0
GPU,13,2.2715,0
GPU,14,2.4177,0
GPU,15,2.7309,0
GPU,16,2.5465,0
GPU,17,2.3458,0
GPU,18,3.3311,0
GPU,19,2.6736,0
GPU,20,2.6703,0
GPU,21,2.5833,0
GPU,22,2.306,0
GPU,23,2.8788,0
GPU,24,2.6614,0
GPU,25,2.6348,0
GPU,26,2.7393,0
GPU,27,2.8294,0
GPU,28,3.0853,0
GPU,29,2.9496,0
GPU,30,2.7173,0
GPU,31,3.2402,0
GPU,32,2.7789,0
GPU,33,2.7499,0
GPU,34,3.3224,0
GPU,35,3.5704,0
GPU,36,2.5709,0
GPU,37,2.749,0
GPU,38,3.1589,0
GPU,39,3.3411,0
GPU,40,3.1591,0
GPU,41,3.6428,0
GPU,42,3.0491,0
GPU,43,2.8373,0
GPU,44,3.4446,0
GPU,45,2.7916,0
GPU,46,3.3975,0
GPU,47,3.4958,0
GPU,48,3.5126,0
GPU,49,2.651,0
GPU,50,2.626,0
GPU,51,3.5302,0
GPU,52,3.8344,0
GPU,53,4.0437,0
GPU,54,3.4856,0
GPU,55,3.4179,0
GPU,56,2.9807,0
GPU,57,2.7559,0
GPU,58,3.2691,0
GPU,59,3.4084,0
GPU,60,2.8423,0
GPU,61,2.739,0
GPU,62,3.0884,0
GPU,63,2.8115,0
GPU,64,2.712,0
GPU,65,2.6954,0
GPU,66,2.8581,0
GPU,67,2.8008,0
GPU,68,3.51,0
GPU,69,2.8538,0
GPU,70,3.2156,0
GPU,71,2.8474,0
GPU,72,3.52,0
GPU,73,3.1509,0
GPU,74,2.6504,0
GPU,75,3.6932,0
GPU,76,2.8498,0
GPU,77,3.2423,0
GPU,78,2.8009,0
GPU,79,3.1861,0
GPU,80,2.6832,0
GPU,81,3.1938,0
GPU,82,3.2515,0
GPU,83,2.9143,0
GPU,84,2.7072,0
GPU,85,2.6444,0
GPU,86,2.7551,0
GPU,87,3.0326,0
GPU,88,2.6499,0
GPU,89,2.6954,0
GPU,90,2.83,0
GPU,91,3.6827,0
GPU,92,2.7514,0
GPU,93,2.6403,0
GPU,94,2.796,0
GPU,95,2.847,0
GPU,96,2.5415,0
GPU,97,2.9752,0
GPU,98,3.4973,0
GPU,99,2.5205,0
GPU,100,2.5285,0
GPU,101,2.6871,0
GPU,102,2.4476,0
GPU,103,3.0454,0
GPU,104,3.7191,0
GPU,105,2.9165,0
GPU,106,2.571,0
GPU,107,2.48,0
GPU,108,2.451,0
GPU,109,2.4663,0
GPU,110,2.4431,0
GPU,111,2.559,0
GPU,112,2.3939,0
GPU,113,2.9435,0
GPU,114,2.5052,0
GPU,115,2.7525,0
GPU,116,2.6036,0
GPU,117,2.532,0
GPU,118,2.7443,0
GPU,119,2.607,0
GPU,120,2.833,0
GPU,121,2.466,0
GPU,122,2.606,0
GPU,123,3.0356,0
GPU,124,2.378,0
GPU,125,3.0669,0
GPU,126,3.4701,0
GPU,127,2.5467,0
GPU,128,2.7803,0
GPU,129,3.3931,0
GPU,130,4.3036,0
GPU,131,3.4305,0
GPU,132,2.5229,0
GPU,133,2.7495,0
GPU,134,2.8155,0
GPU,135,3.1978,0
GPU,136,2.5953,0
GPU,137,2.9466,0
GPU,138,3.0622,0
GPU,139,3.418,0
GPU,140,2.708,0
GPU,141,2.6705,0
GPU,142,2.9594,0
GPU,143,2.7862,0
GPU,144,2.7287,0
GPU,145,3.3393,0
GPU,146,3.3641,0
GPU,147,2.7896,0
GPU,148,2.7244,0
GPU,149,2.8354,0
GPU,150,2.8318,0
GPU,151,2.9852,0
GPU,152,2.8638,0
GPU,153,2.716,0
GPU,154,3.103,0
GPU,155,2.4966,0
GPU,156,2.8287,0
GPU,157,2.4486,0
GPU,158,2.5007,0
GPU,159,2.7596,0
GPU,160,2.4009,0
GPU,161,2.3744,0
GPU,162,2.2977,0
GPU,163,2.3953,0
GPU,164,2.4641,0
GPU,165,2.8573,0
GPU,166,2.5314,0
GPU,167,4.0429,0
GPU,168,3.0459,0
GPU,169,2.4731,0
GPU,170,2.4469,0
GPU,171,2.5784,0
GPU,172,3.0544,0
GPU,173,2.4452,0
GPU,174,2.398,0
GPU,175,2.4863,0
GPU,176,3.3303,0
GPU,177,3.3471,0
GPU,178,3.1521,0
GPU,179,2.6106,0
GPU,180,2.576,0
GPU,181,3.1679,0
GPU,182,2.6622,0
GPU,183,2.4727,0
GPU,184,3.4888,0
GPU,185,2.5908,0
GPU,186,2.7091,0
GPU,187,3.4883,0
GPU,188,3.8637,0
GPU,189,2.5504,0
GPU,190,3.6593,0
GPU,191,3.8065,0
GPU,192,2.446,0
GPU,193,2.6059,0
GPU,194,2.4796,0
GPU,195,3.5853,0
GPU,196,2.5921,0
GPU,197,2.5939,0
GPU,198,2.6455,0
GPU,199,2.5445,0
GPU,200,2.8601,0
GPU,201,3.3815,0
GPU,202,2.588,0
GPU,203,2.8755,0
GPU,204,2.5554,0
GPU,205,2.5564,0
GPU,206,3.0311,0
GPU,207,2.4679,0
GPU,208,2.3907,0
GPU,209,2.5197,0
GPU,210,3.2726,0
GPU,211,2.5151,0
GPU,212,3.8017,0
GPU,213,3.3441,0
GPU,214,3.4469,0
GPU,215,4.6063,0
GPU,216,3.9765,0
GPU,217,3.784,0
GPU,218,3.0394,0
GPU,219,3.0058,0
GPU,220,3.3617,0
GPU,221,4.2071,0
GPU,222,3.0082,0
GPU,223,2.8956,0
GPU,224,3.6515,0
GPU,225,3.2906,0
GPU,226,4.044,0
GPU,227,4.2424,0
GPU,228,5.3368,0
GPU,229,3.317,0
GPU,230,3.89,0
GPU,231,3.6831,0
GPU,232,3.6861,0
GPU,233,3.8726,0
GPU,234,3.0904,0
GPU,235,11.0736,0
GPU,236,4.0937,0
GPU,237,6.3014,0
GPU,238,3.317,0
GPU,239,13.1699,0
GPU,240,4.1952,0
GPU,241,4.9228,0
GPU,242,3.1921,0
GPU,243,4.5395,0
GPU,244,4.2806,0
GPU,245,5.8491,0
GPU,246,4.3227,0
GPU,247,3.0386,0
GPU,248,3.235,0
GPU,249,2.8238,0
GPU,250,2.8506,0
GPU,251,2.77,0
GPU,252,3.4328,0
GPU,253,3.0924,0
GPU,254,4.7414,0
GPU,255,2.9405,0
GPU,256,6.0387,0
GPU,257,6.7515,0
GPU,258,3.8898,0
GPU,259,4.3066,0
GPU,260,2.8751,0
GPU,261,2.9005,0
GPU,262,2.9792,0
GPU,263,2.932,0
GPU,264,2.9481,0
GPU,265,3.0426,0
GPU,266,2.9044,0
GPU,267,2.8833,0
GPU,268,2.8005,0
GPU,269,3.1785,0
GPU,270,3.1278,0
GPU,271,2.8256,0
GPU,272,2.5579,0
GPU,273,2.871,0
GPU,274,2.8739,0
GPU,275,3.6377,0
GPU,276,3.4174,0
GPU,277,2.5928,0
GPU,278,2.7972,0
GPU,279,2.5596,0
GPU,280,2.5902,0
GPU,281,2.4566,0
GPU,282,2.4662,0
GPU,283,2.6035,0
GPU,284,3.2388,0
GPU,285,2.1828,0
GPU,286,2.5038,0
GPU,287,3.1036,0
GPU,288,2.3952,0
GPU,289,2.5485,0
GPU,290,2.4104,0
GPU,291,2.5084,0
GPU,292,2.4715,0
GPU,293,2.938,0
GPU,294,4.1751,0
GPU,295,3.6837,0
GPU,296,2.9228,0
GPU,297,2.8471,0
GPU,298,3.5402,0
GPU,299,3.5435,0
GPU,300,3.6154,0
GPU,301,2.7334,0
GPU,302,3.2725,0
GPU,303,2.7832,0
GPU,304,2.5441,0
GPU,305,2.4479,0
GPU,306,2.4833,0
GPU,307,2.81,0
GPU,308,2.6363,0
GPU,309,2.4965,0
GPU,310,3.3915,0
GPU,311,3.1061,0
GPU,312,2.4408,0
GPU,313,2.7945,0
GPU,314,2.474,0
GPU,315,2.3463,0
GPU,316,2.3839,0
GPU,317,2.9839,0
GPU,318,2.3855,0
GPU,319,2.8914,0
GPU,320,2.9432,0
GPU,321,2.4259,0
GPU,322,2.3718,0
GPU,323,2.3759,0
GPU,324,2.8475,0
GPU,325,3.1186,0
GPU,326,2.4334,0
GPU,327,2.6371,0
GPU,328,3.1578,0
GPU,329,3.3597,0
GPU,330,2.5454,0
GPU,331,2.6081,0
GPU,332,2.9124,0
GPU,333,4.1015,0
GPU,334,2.9846,0
GPU,335,2.8825,0
GPU,336,3.2811,0
GPU,337,2.5128,0
GPU,338,2.3365,0
GPU,339,2.6315,0
GPU,340,2.4064,0
GPU,341,2.3481,0
GPU,342,2.4271,0
GPU,343,2.441,0
GPU,344,2.9143,0
GPU,345,2.306,0
GPU,346,2.337,0
GPU,347,2.4416,0
GPU,348,3.0881,0
GPU,349,2.4012,0
GPU,350,2.5659,0
GPU,351,3.6328,0
GPU,352,2.4243,0
GPU,353,2.5226,0
GPU,354,3.0996,0
GPU,355,2.4367,0
GPU,356,2.423,0
GPU,357,2.6381,0
GPU,358,2.4377,0
GPU,359,2.4796,0
GPU,360,2.3218,0
GPU,361,2.603,0
GPU,362,2.9744,0
GPU,363,2.4179,0
GPU,364,2.3124,0
GPU,365,2.5946,0
GPU,366,2.3793,0
GPU,367,2.6865,0
GPU,368,3.4195,0
GPU,369,2.4449,0
GPU,370,2.4001,0
GPU,371,2.6419,0
GPU,372,2.3888,0
GPU,373,2.347,0
GPU,374,2.4695,0
GPU,375,2.5483,0
GPU,376,2.3603,0
GPU,377,2.262,0
GPU,378,2.3258,0
GPU,379,2.368,0
GPU,380,2.275,0
GPU,381,2.2274,0
GPU,382,2.4651,0
GPU,383,2.4048,0
GPU,384,2.3166,0
GPU,385,2.2063,0
GPU,386,2.644,0
GPU,387,2.3736,0
GPU,388,2.3166,0
GPU,389,2.4431,0
GPU,390,2.6368,0
GPU,391,2.3514,0
GPU,392,2.2657,0
GPU,393,2.4094,0
GPU,394,2.5105,0
GPU,395,2.3813,0
GPU,396,2.2971,0
GPU,397,2.3547,0
GPU,398,2.5138,0
GPU,399,2.139,0
GPU,400,2.8616,0
GPU,401,2.3375,0
GPU,402,2.2607,0
GPU,403,2.2723,0
GPU,404,2.8848,0
GPU,405,2.9513,0
GPU,406,2.2705,0
GPU,407,2.1996,0
GPU,408,2.2244,0
GPU,409,2.416,0
GPU,410,2.3685,0
GPU,411,2.2349,0
GPU,412,2.4439,0
GPU,413,2.4984,0
GPU,414,2.7375,0
GPU,415,2.2994,0
GPU,416,2.2722,0
GPU,417,2.612,0
GPU,418,2.2625,0
GPU,419,2.1984,0
GPU,420,2.2974,0
GPU,421,2.4124,0
GPU,422,2.6137,0
GPU,423,3.0009,0
GPU,424,2.4867,0
GPU,425,3.2787,0
GPU,426,2.3557,0
GPU,427,2.7983,0
GPU,428,2.8559,0
GPU,429,2.1906,0
GPU,430,2.3278,0
GPU,431,2.8052,0
GPU,432,2.2952,0
GPU,433,2.2005,0
GPU,434,2.2009,0
GPU,435,2.2401,0
GPU,436,2.2539,0
GPU,437,2.1879,0
GPU,438,2.1536,0
GPU,439,2.1328,0
GPU,440,2.1751,0
GPU,441,2.2632,0
GPU,442,2.1971,0
GPU,443,2.7104,0
GPU,444,2.4499,0
GPU,445,3.2625,0
GPU,446,3.8145,0
GPU,447,3.9814,0
GPU,448,3.2029,0
GPU,449,3.0676,0
GPU,450,2.4281,0
GPU,451,2.3301,0
GPU,452,2.2747,0
GPU,453,2.4804,0
GPU,454,2.2817,0
GPU,455,2.2119,0
GPU,456,2.8905,0
GPU,457,2.4061,0
GPU,458,2.8671,0
GPU,459,2.2973,0
GPU,460,3.0484,0
GPU,461,2.507,0
GPU,462,2.497,0
GPU,463,2.4131,0
GPU,464,2.4786,0
GPU,465,2.5981,0
GPU,466,2.4066,0
GPU,467,2.3139,0
GPU,468,2.7941,0
GPU,469,2.4995,0
GPU,470,2.5305,0
GPU,471,2.5091,0
GPU,472,2.4777,0
GPU,473,2.5162,0
GPU,474,2.4339,0
GPU,475,2.6659,0
GPU,476,2.875,0
GPU,477,2.3291,0
GPU,478,2.356,0
GPU,479,2.372,0
GPU,480,2.2914,0
GPU,481,2.562,0
GPU,482,2.4649,0
GPU,483,2.5296,0
GPU,484,2.4223,0
GPU,485,2.2494,0
GPU,486,2.3127,0
GPU,487,2.2294,0
GPU,488,2.4093,0
GPU,489,2.1879,0
GPU,490,2.9107,0
GPU,491,2.3669,0
GPU,492,2.2401,0
GPU,493,2.7106,0
GPU,494,2.3771,0
GPU,495,2.4138,0
GPU,496,2.3079,0
GPU,497,2.3905,0
GPU,498,3.2124,0
GPU,499,3.1174,0
GPU,500,2.7245,0
GPU,501,2.4382,0
GPU,502,2.607,0
GPU,503,2.47,0
GPU,504,3.2754,0
GPU,505,3.2902,0
GPU,506,2.754,0
GPU,507,3.2383,0
GPU,508,2.7274,0
GPU,509,4.6095,0
GPU,510,4.0052,0
GPU,511,2.9398,0
GPU,512,3.4709,0
GPU,513,3.138,0
GPU,514,2.8229,0
GPU,515,2.5728,0
GPU,516,2.9932,0
GPU,517,2.7469,0
GPU,518,3.2306,0
GPU,519,2.5881,0
GPU,520,2.9133,0
GPU,521,2.6122,0
GPU,522,2.7246,0
GPU,523,2.8497,0
GPU,524,2.5626,0
GPU,525,2.8859,0
GPU,526,2.4714,0
GPU,527,2.6072,0
GPU,528,2.8906,0
GPU,529,2.5415,0
GPU,530,3.1519,0
GPU,531,2.6046,0
GPU,532,3.2037,0
GPU,533,2.4288,0
GPU,534,2.5081,0
GPU,535,2.5914,0
GPU,536,2.7096,0
GPU,537,2.348,0
GPU,538,2.6211,0
GPU,539,2.8181,0
GPU,540,2.7604,0
GPU,541,2.7109,0
GPU,542,3.768,0
GPU,543,2.6744,0
GPU,544,3.9797,0
GPU,545,2.9773,0
GPU,546,3.5966,0
GPU,547,3.8484,0
GPU,548,3.4652,0
GPU,549,2.8998,0
GPU,550,5.7853,0
GPU,551,5.3837,0
GPU,552,3.5254,0
GPU,553,7.044,0
GPU,554,3.3811,0
GPU,555,5.5886,0
GPU,556,3.9072,0
GPU,557,4.0088,0
GPU,558,4.104,0
GPU,559,3.6658,0
GPU,560,3.2683,0
GPU,561,3.7195,0
GPU,562,3.7669,0
GPU,563,3.2492,0
GPU,564,3.7594,0
GPU,565,4.6342,0
GPU,566,4.3004,0
GPU,567,3.6646,0
GPU,568,4.2969,0
GPU,569,3.8878,0
GPU,570,5.5567,0
GPU,571,4.7573,0
GPU,572,4.6523,0
GPU,573,4.752,0
GPU,574,5.6251,0
GPU,575,3.4095,0
GPU,576,3.2542,0
GPU,577,3.9228,0
GPU,578,3.1865,0
GPU,579,4.5868,0
GPU,580,5.1654,0
GPU,581,3.6563,0
GPU,582,3.5482,0
GPU,583,2.9975,0
GPU,584,2.9595,0
GPU,585,4.2636,0
GPU,586,4.1142,0
GPU,587,3.1066,0
GPU,588,3.3325,0
GPU,589,2.8813,0
GPU,590,2.9348,0
GPU,591,2.9224,0
GPU,592,3.973,0
GPU,593,3.0489,0
GPU,594,3.809,0
GPU,595,4.0457,0
GPU,596,3.7366,0
GPU,597,5.1337,0
GPU,598,4.4108,0
GPU,599,4.3388,0
GPU,600,4.5401,0
GPU,601,4.5356,0
GPU,602,4.1548,0
GPU,603,3.1543,0
GPU,604,3.1641,0
GPU,605,2.9423,0
GPU,606,3.6284,0
GPU,607,3.8555,0
GPU,608,4.2219,0
GPU,609,4.0488,0
GPU,610,3.5947,0
GPU,611,4.7854,0
GPU,612,5.9994,0
GPU,613,4.5424,0
GPU,614,4.0648,0
GPU,615,4.4641,0
GPU,616,3.7981,0
GPU,617,4.878,0
GPU,618,4.8415,0
GPU,619,4.5199,0
GPU,620,5.2566,0
GPU,621,5.01,0
GPU,622,4.5158,0
GPU,623,3.8839,0
GPU,624,4.9407,0
GPU,625,4.4704,0
GPU,626,4.4595,0
GPU,627,4.7642,0
GPU,628,5.0918,0
GPU,629,4.9805,0
GPU,630,4.0658,0
GPU,631,4.2144,0
GPU,632,3.2184,0
GPU,633,3.8034,0
GPU,634,4.0407,0
GPU,635,4.2029,0
GPU,636,3.1397,0
GPU,637,3.3644,0
GPU,638,4.2219,0
GPU,639,4.7484,0
GPU,640,4.1635,0
GPU,641,4.5479,0
GPU,642,4.216,0
GPU,643,3.7083,0
GPU,644,3.1415,0
GPU,645,2.9844,0
GPU,646,2.878,0
GPU,647,3.5596,0
GPU,648,3.4547,0
GPU,649,2.68,0
GPU,650,2.9793,0
GPU,651,3.2112,0
GPU,652,2.9009,0
GPU,653,3.3414,0
GPU,654,3.4589,0
GPU,655,2.8817,0
GPU,656,3.7498,0
GPU,657,2.9967,0
GPU,658,2.4188,0
GPU,659,2.5276,0
GPU,660,2.4013,0
GPU,661,2.3726,0
GPU,662,2.3836,0
GPU,663,2.4898,0
GPU,664,2.4738,0
GPU,665,2.3437,0
GPU,666,2.4784,0
GPU,667,2.4278,0
GPU,668,2.9186,0
GPU,669,2.6228,0
GPU,670,2.7293,0
GPU,671,2.7668,0
GPU,672,3.3577,0
GPU,673,2.5807,0
GPU,674,2.8276,0
GPU,675,2.6222,0
GPU,676,3.1863,0
GPU,677,3.1541,0
GPU,678,2.6286,0
GPU,679,2.4675,0
GPU,680,2.6357,0
GPU,681,2.903,0
GPU,682,2.6526,0
GPU,683,2.4474,0
GPU,684,2.5291,0
GPU,685,2.7605,0
GPU,686,2.5846,0
GPU,687,2.4537,0
GPU,688,3.6798,0
GPU,689,2.7904,0
GPU,690,2.6057,0
GPU,691,3.5516,0
GPU,692,2.9099,0
GPU,693,3.3267,0
GPU,694,2.4632,0
GPU,695,3.1287,0
GPU,696,2.4872,0
GPU,697,2.6263,0
GPU,698,2.2953,0
GPU,699,2.9549,0
GPU,700,2.86,0
GPU,701,2.5902,0
GPU,702,2.5212,0
GPU,703,3.0133,0
GPU,704,2.774,0
GPU,705,2.474,0
GPU,706,2.3998,0
GPU,707,2.3622,0
GPU,708,2.4839,0
GPU,709,2.5284,0
GPU,710,2.3765,0
GPU,711,3.2563,0
GPU,712,3.9818,0
GPU,713,2.7297,0
GPU,714,3.6753,0
GPU,715,3.253,0
GPU,716,3.5938,0
GPU,717,2.4201,0
GPU,718,2.3776,0
GPU,719,2.4252,0
GPU,720,2.8634,0
GPU,721,2.5566,0
GPU,722,3.5709,0
GPU,723,2.493,0
GPU,724,2.4803,0
GPU,725,2.4178,0
GPU,726,2.4575,0
GPU,727,2.4603,0
GPU,728,2.4876,0
GPU,729,2.5225,0
GPU,730,2.9928,0
GPU,731,2.405,0
GPU,732,3.2362,0
GPU,733,2.6666,0
GPU,734,2.6155,0
GPU,735,2.9882,0
GPU,736,3.2595,0
GPU,737,2.4382,0
GPU,738,2.5088,0
GPU,739,2.4767,0
GPU,740,2.2767,0
GPU,741,2.4188,0
GPU,742,2.6556,0
GPU,743,2.7755,0
GPU,744,2.4183,0
GPU,745,2.4666,0
GPU,746,3.0673,0
GPU,747,2.5957,0
GPU,748,3.1784,0
GPU,749,3.5014,0
GPU,750,3.3594,0
GPU,751,3.2824,0
GPU,752,2.9281,0
GPU,753,2.7363,0
GPU,754,2.9306,0
GPU,755,2.9652,0
GPU,756,2.704,0
GPU,757,3.0664,0
GPU,758,3.6733,0
GPU,759,3.6481,0
GPU,760,2.8464,0
GPU,761,2.5371,0
GPU,762,3.8595,0
GPU,763,2.7114,0
GPU,764,2.6308,0
GPU,765,2.5711,0
GPU,766,2.6014,0
GPU,767,2.6841,0
GPU,768,3.3468,0
GPU,769,4.5294,0
GPU,770,2.8176,0
GPU,771,2.5376,0
GPU,772,2.6049,0
GPU,773,2.5924,0
GPU,774,2.5123,0
GPU,775,2.4096,0
GPU,776,3.2575,0
GPU,777,3.0445,0
GPU,778,2.671,0
GPU,779,2.5705,0
GPU,780,2.678,0
GPU,781,3.7905,0
GPU,782,2.6826,0
GPU,783,2.6352,0
GPU,784,2.7975,0
GPU,785,2.9452,0
GPU,786,2.7293,0
GPU,787,2.7608,0
GPU,788,2.5967,0
GPU,789,2.8939,0
GPU,790,2.7253,0
GPU,791,2.6644,0
GPU,792,3.4662,0
GPU,793,2.7345,0
GPU,794,2.6537,0
GPU,795,2.49,0
GPU,796,2.7302,0
GPU,797,3.7335,0
GPU,798,3.7283,0
GPU,799,4.7826,0
GPU,800,3.3687,0
GPU,801,3.9002,0
GPU,802,2.9186,0
GPU,803,2.6381,0
GPU,804,3.7721,0
GPU,805,2.9882,0
GPU,806,2.5252,0
GPU,807,3.3765,0
GPU,808,3.1099,0
GPU,809,2.7744,0
GPU,810,2.6187,0
GPU,811,2.5614,0
GPU,812,3.9326,0
GPU,813,3.0681,0
GPU,814,2.4889,0
GPU,815,2.9809,0
GPU,816,4.0884,0
GPU,817,3.8188,0
GPU,818,2.979,0
GPU,819,3.743,0
GPU,820,3.4639,0
GPU,821,2.8673,0
GPU,822,3.4478,0
GPU,823,4.1754,0
GPU,824,2.9067,0
GPU,825,2.7006,0
GPU,826,3.1299,0
GPU,827,2.7771,0
GPU,828,2.7623,0
GPU,829,3.088,0
GPU,830,3.353,0
GPU,831,3.0294,0
GPU,832,4.3353,0
GPU,833,2.9602,0
GPU,834,3.8093,0
GPU,835,2.7862,0
GPU,836,3.6324,0
GPU,837,4.1911,0
GPU,838,2.6073,0
GPU,839,2.8731,0
GPU,840,3.5857,0
GPU,841,3.4203,0
GPU,842,2.9521,0
GPU,843,3.9621,0
GPU,844,4.014,0
GPU,845,3.4959,0
GPU,846,3.7832,0
GPU,847,4.3302,0
GPU,848,3.7587,0
GPU,849,3.8811,0
GPU,850,3.8839,0
GPU,851,3.0129,0
GPU,852,4.3247,0
GPU,853,3.935,0
GPU,854,2.9654,0
GPU,855,5.8335,0
GPU,856,3.6253,0
GPU,857,2.7362,0
GPU,858,2.5995,0
GPU,859,2.8734,0
GPU,860,3.0688,0
GPU,861,2.63,0
GPU,862,2.8296,0
GPU,863,2.6024,0
GPU,864,3.6477,0
GPU,865,2.7175,0
GPU,866,2.6903,0
GPU,867,2.7268,0
GPU,868,2.7485,0
GPU,869,2.6807,0
GPU,870,2.8073,0
GPU,871,2.63,0
GPU,872,2.6865,0
GPU,873,4.5877,0
GPU,874,2.8822,0
GPU,875,2.8345,0
GPU,876,2.9968,0
GPU,877,3.5504,0
GPU,878,2.79,0
GPU,879,3.1194,0
GPU,880,3.1158,0
GPU,881,2.8419,0
GPU,882,3.6659,0
GPU,883,3.5956,0
GPU,884,3.9707,0
GPU,885,2.821,0
GPU,886,3.0471,0
GPU,887,4.0901,0
GPU,888,2.731,0
GPU,889,2.8718,0
GPU,890,4.1399,0
GPU,891,3.2177,0
GPU,892,2.8866,0
GPU,893,3.385,0
GPU,894,3.6339,0
GPU,895,2.7471,0
GPU,896,2.7956,0
GPU,897,2.7166,0
GPU,898,3.6397,0
GPU,899,2.8537,0
GPU,900,3.3681,0
GPU,901,3.4469,0
GPU,902,2.9168,0
GPU,903,3.9037,0
GPU,904,3.5741,0
GPU,905,3.4986,0
GPU,906,3.7061,0
GPU,907,2.8895,0
GPU,908,2.8234,0
GPU,909,3.7797,0
GPU,910,2.7365,0
GPU,911,2.7611,0
GPU,912,3.1021,0
GPU,913,3.0026,0
GPU,914,3.0079,0
GPU,915,2.6112,0
GPU,916,3.3515,0
GPU,917,2.9945,0
GPU,918,2.8859,0
GPU,919,3.2738,0
GPU,920,4.1346,0
GPU,921,3.0322,0
GPU,922,4.1631,0
GPU,923,3.3427,0
GPU,924,3.5912,0
GPU,925,3.0202,0
GPU,926,2.8344,0
GPU,927,3.7202,0
GPU,928,5.5891,0
GPU,929,3.6387,0
GPU,930,3.5036,0
GPU,931,3.0974,0
GPU,932,3.2933,0
GPU,933,3.3883,0
GPU,934,3.1508,0
GPU,935,3.5116,0
GPU,936,3.3066,0
GPU,937,3.6759,0
GPU,938,3.821,0
GPU,939,2.7612,0
GPU,940,4.0412,0
GPU,941,3.6797,0
GPU,942,3.6902,0
GPU,943,3.5517,0
GPU,944,3.0953,0
GPU,945,3.2724,0
GPU,946,2.7042,0
GPU,947,2.6995,0
GPU,948,2.8179,0
GPU,949,3.9624,0
GPU,950,3.1592,0
GPU,951,3.6288,0
GPU,952,3.1359,0
GPU,953,2.8316,0
GPU,954,3.6697,0
GPU,955,2.7789,0
GPU,956,3.3944,0
GPU,957,2.6499,0
GPU,958,2.6511,0
GPU,959,2.6172,0
GPU,960,2.4646,0
GPU,961,3.0119,0
GPU,962,3.5571,0
GPU,963,3.1735,0
GPU,964,3.6798,0
GPU,965,2.6802,0
GPU,966,3.2157,0
GPU,967,2.5308,0
GPU,968,3.615,0
GPU,969,2.4321,0
GPU,970,2.2515,0
GPU,971,2.6537,0
GPU,972,2.4505,0
GPU,973,2.2831,0
GPU,974,2.9761,0
GPU,975,2.2987,0
GPU,976,2.3645,0
GPU,977,2.3255,0
GPU,978,2.8318,0
GPU,979,3.2129,0
GPU,980,2.4225,0
GPU,981,2.3974,0
GPU,982,2.903,0
GPU,983,2.5041,0
GPU,984,2.2818,0
GPU,985,2.2454,0
GPU,986,2.2586,0
GPU,987,2.3726,0
GPU,988,2.3166,0
GPU,989,2.3302,0
GPU,990,2.3285,0
GPU,991,2.3799,0
GPU,992,2.5353,0
GPU,993,2.3096,0
GPU,994,2.2549,0
GPU,995,2.4134,0
GPU,996,2.7383,0
GPU,997,2.5305,0
GPU,998,2.842,0
GPU,999,2.4063,0
GPU,1000,2.431,0
GPU,1001,2.3219,0
GPU,1002,3.2321,0
GPU,1003,2.4843,0
GPU,1004,2.8819,0
GPU,1005,3.3198,0
GPU,1006,2.9395,0
GPU,1007,2.4593,0
GPU,1008,2.3744,0
GPU,1009,2.5357,0
GPU,1010,2.4416,0
GPU,1011,2.521,0
GPU,1012,2.8856,0
GPU,1013,2.5857,0
GPU,1014,2.6922,0
GPU,1015,2.394,0
GPU,1016,2.6108,0
GPU,1017,2.6492,0
GPU,1018,2.5929,0
GPU,1019,3.2731,0
GPU,1020,2.5159,0
GPU,1021,2.9775,0
GPU,1022,2.6083,0
GPU,1023,2.6201,0
GPU,1024,2.4916,0
GPU,1025,2.5449,0
GPU,1026,2.5343,0
GPU,1027,2.8925,0
GPU,1028,2.388,0
GPU,1029,2.388,0
GPU,1030,2.529,0
GPU,1031,2.503,0
GPU,1032,2.354,0
GPU,1033,2.3385,0
GPU,1034,2.3869,0
GPU,1035,2.5278,0
GPU,1036,2.4437,0
GPU,1037,2.3004,0
GPU,1038,2.4081,0
GPU,1039,2.3072,0
GPU,1040,2.3447,0
GPU,1041,3.2722,0
GPU,1042,3.3334,0
GPU,1043,2.5203,0
GPU,1044,2.6632,0
GPU,1045,2.6878,0
GPU,1046,2.7294,0
GPU,1047,2.5461,0
GPU,1048,2.3964,0
GPU,1049,2.5143,0
GPU,1050,2.4932,0
GPU,1051,2.8298,0
GPU,1052,2.9516,0
GPU,1053,2.4811,0
GPU,1054,3.0313,0
GPU,1055,3.0128,0
GPU,1056,2.8479,0
GPU,1057,2.4115,0
GPU,1058,2.8895,0
GPU,1059,2.4973,0
GPU,1060,2.3258,0
GPU,1061,2.285,0
GPU,1062,2.2544,0
GPU,1063,2.2901,0
GPU,1064,2.2666,0
GPU,1065,2.3328,0
GPU,1066,2.857,0
GPU,1067,2.7768,0
GPU,1068,2.6954,0
GPU,1069,2.7907,0
GPU,1070,2.3802,0
GPU,1071,2.3427,0
GPU,1072,2.8064,0
GPU,1073,2.6584,0
GPU,1074,2.8448,0
GPU,1075,2.9352,0
GPU,1076,2.477,0
GPU,1077,2.5114,0
GPU,1078,2.6063,0
GPU,1079,2.4404,0
GPU,1080,2.4669,0
GPU,1081,2.4235,0
GPU,1082,3.0981,0
GPU,1083,2.5413,0
GPU,1084,3.5689,0
GPU,1085,3.3454,0
GPU,1086,2.5084,0
GPU,1087,2.4634,0
GPU,1088,3.0718,0
GPU,1089,2.587,0
GPU,1090,2.3643,0
GPU,1091,2.9646,0
GPU,1092,3.6092,0
GPU,1093,2.5008,0
GPU,1094,2.3925,0
GPU,1095,2.6397,0
GPU,1096,2.4116,0
GPU,1097,2.6553,0
GPU,1098,2.6845,0
GPU,1099,2.5626,0
GPU,1100,2.5119,0
GPU,1101,2.4845,0
GPU,1102,2.6059,0
GPU,1103,2.52,0
GPU,1104,2.4454,0
GPU,1105,2.3103,0
GPU,1106,2.2398,0
GPU,1107,2.5914,0
GPU,1108,2.6674,0
GPU,1109,2.3067,0
GPU,1110,2.3199,0
GPU,1111,2.324,0
GPU,1112,2.6656,0
GPU,1113,2.4739,0
GPU,1114,2.3262,0
GPU,1115,2.2625,0
GPU,1116,2.5267,0
GPU,1117,3.3433,0
GPU,1118,2.9511,0
GPU,1119,2.4948,0
GPU,1120,2.8823,0
GPU,1121,2.7302,0
GPU,1122,2.3636,0
GPU,1123,2.3142,0
GPU,1124,2.3101,0
GPU,1125,2.4266,0
GPU,1126,2.4113,0
GPU,1127,2.2488,0
GPU,1128,2.2885,0
GPU,1129,2.2676,0
GPU,1130,2.5366,0
GPU,1131,2.3272,0
GPU,1132,2.4284,0
GPU,1133,2.415,0
GPU,1134,2.6524,0
GPU,1135,2.4522,0
GPU,1136,2.9876,0
GPU,1137,2.5746,0
GPU,1138,2.3195,0
GPU,1139,2.2373,0
GPU,1140,2.3633,0
GPU,1141,2.4501,0
GPU,1142,2.3215,0
GPU,1143,2.2835,0
GPU,1144,2.7879,0
GPU,1145,2.3233,0
GPU,1146,2.2591,0
GPU,1147,2.2335,0
GPU,1148,2.3432,0
GPU,1149,2.7713,0
GPU,1150,2.5422,0
GPU,1151,3.0926,0
GPU,1152,3.5461,0
GPU,1153,3.6434,0
GPU,1154,2.4592,0
GPU,1155,2.9126,0
GPU,1156,2.7172,0
GPU,1157,2.6592,0
GPU,1158,3.3819,0
GPU,1159,2.4266,0
GPU,1160,2.4854,0
GPU,1161,2.5365,0
GPU,1162,2.3906,0
GPU,1163,2.6278,0
GPU,1164,2.5128,0
GPU,1165,4.2893,0
GPU,1166,3.507,0
GPU,1167,3.6128,0
GPU,1168,3.5584,0
GPU,1169,3.5309,0
GPU,1170,3.9586,0
GPU,1171,4.3069,0
GPU,1172,3.4606,0
GPU,1173,3.4724,0
GPU,1174,4.2341,0
GPU,1175,3.3321,0
GPU,1176,3.4587,0
GPU,1177,3.3351,0
GPU,1178,3.9159,0
GPU,1179,3.8312,0
GPU,1180,3.3258,0
GPU,1181,3.1467,0
GPU,1182,3.7579,0
GPU,1183,3.1654,0
GPU,1184,3.0669,0
GPU,1185,3.0997,0
GPU,1186,3.8994,0
GPU,1187,3.7707,0
GPU,1188,3.1166,0
GPU,1189,3.7241,0
GPU,1190,3.6465,0
GPU,1191,2.4666,0
GPU,1192,2.5695,0
GPU,1193,2.4893,0
GPU,1194,2.4913,0
GPU,1195,2.3815,0
GPU,1196,2.3696,0
GPU,1197,2.9006,0
GPU,1198,3.008,0
GPU,1199,2.785,0
GPU,1200,2.5213,0
GPU,1201,2.4895,0
GPU,1202,2.5334,0
GPU,1203,2.5341,0
GPU,1204,3.2157,0
GPU,1205,2.4865,0
GPU,1206,3.4894,0
GPU,1207,2.6353,0
GPU,1208,2.5933,0
GPU,1209,2.5137,0
GPU,1210,3.2775,0
GPU,1211,2.6497,0
GPU,1212,2.5325,0
GPU,1213,3.0023,0
GPU,1214,2.7739,0
GPU,1215,2.6158,0
GPU,1216,3.1233,0
GPU,1217,3.1747,0
GPU,1218,3.0182,0
GPU,1219,3.1821,0
GPU,1220,2.6476,0
GPU,1221,3.1108,0
GPU,1222,3.5815,0
GPU,1223,2.4824,0
GPU,1224,2.4895,0
GPU,1225,2.5415,0
GPU,1226,3.6045,0
GPU,1227,2.8606,0
GPU,1228,2.6972,0
GPU,1229,2.8591,0
GPU,1230,2.7133,0
GPU,1231,2.4653,0
GPU,1232,2.4729,0
GPU,1233,3.0834,0
GPU,1234,3.0103,0
GPU,1235,2.6256,0
GPU,1236,2.5138,0
GPU,1237,3.219,0
GPU,1238,2.5536,0
GPU,1239,3.0729,0
GPU,1240,3.3003,0
GPU,1241,2.9338,0
GPU,1242,2.5196,0
GPU,1243,2.5928,0
GPU,1244,2.692,0
GPU,1245,2.7109,0
GPU,1246,3.0871,0
GPU,1247,2.951,0
GPU,1248,2.585,0
GPU,1249,2.5333,0
GPU,1250,2.4285,0
GPU,1251,2.6902,0
GPU,1252,2.4792,0
GPU,1253,2.4981,0
GPU,1254,2.787,0
GPU,1255,2.6673,0
GPU,1256,2.5129,0
GPU,1257,2.5505,0
GPU,1258,3.3067,0
GPU,1259,3.2327,0
GPU,1260,3.0576,0
GPU,1261,2.4747,0
GPU,1262,3.0514,0
GPU,1263,2.5292,0
GPU,1264,2.5615,0
GPU,1265,2.5372,0
GPU,1266,2.7492,0
GPU,1267,2.5619,0
GPU,1268,2.5827,0
GPU,1269,2.6599,0
GPU,1270,2.5694,0
GPU,1271,3.1051,0
GPU,1272,2.4537,0
GPU,1273,2.5935,0
GPU,1274,2.5206,0
GPU,1275,2.4635,0
GPU,1276,2.4473,0
GPU,1277,2.6683,0
GPU,1278,2.4904,0
GPU,1279,2.5628,0
GPU,1280,2.412,0
GPU,1281,2.6353,0
GPU,1282,2.7499,0
GPU,1283,4.0747,0
GPU,1284,3.4439,0
GPU,1285,3.4659,0
GPU,1286,3.348,0
GPU,1287,3.7519,0
GPU,1288,3.2953,0
GPU,1289,3.2866,0
GPU,1290,3.3408,0
GPU,1291,3.4342,0
GPU,1292,3.3023,0
GPU,1293,3.2755,0
GPU,1294,3.9357,0
GPU,1295,3.7497,0
GPU,1296,3.2661,0
GPU,1297,3.2338,0
GPU,1298,3.8408,0
GPU,1299,3.0382,0
GPU,1300,3.8273,0
GPU,1301,3.2805,0
GPU,1302,3.238,0
GPU,1303,3.7027,0
GPU,1304,3.1614,0
GPU,1305,3.0631,0
GPU,1306,2.9874,0
GPU,1307,3.7115,0
GPU,1308,3.1233,0
GPU,1309,3.0207,0
GPU,1310,2.9851,0
GPU,1311,3.6135,0
GPU,1312,3.2721,0
GPU,1313,3.3118,0
GPU,1314,3.7783,0
GPU,1315,3.6144,0
GPU,1316,3.2526,0
GPU,1317,3.2274,0
GPU,1318,3.2975,0
GPU,1319,3.3036,0
GPU,1320,3.2046,0
GPU,1321,3.2669,0
GPU,1322,3.2174,0
GPU,1323,3.5959,0
GPU,1324,3.2659,0
GPU,1325,3.1097,0
GPU,1326,2.8238,0
GPU,1327,2.3888,0
GPU,1328,2.4892,0
GPU,1329,2.2884,0
GPU,1330,2.2885,0
GPU,1331,2.2946,0
GPU,1332,2.7807,0
GPU,1333,2.9716,0
GPU,1334,3.3711,0
GPU,1335,3.0446,0
GPU,1336,2.5285,0
GPU,1337,2.719,0
GPU,1338,2.2078,0
GPU,1339,2.7054,0
GPU,1340,2.2288,0
GPU,1341,2.3618,0
GPU,1342,2.8543,0
GPU,1343,2.4939,0
GPU,1344,2.4675,0
GPU,1345,2.4537,0
GPU,1346,2.4645,0
GPU,1347,2.3339,0
GPU,1348,2.3476,0
GPU,1349,2.4013,0
GPU,1350,2.7836,0
GPU,1351,2.4765,0
GPU,1352,2.4396,0
GPU,1353,2.3806,0
GPU,1354,2.3066,0
GPU,1355,2.3259,0
GPU,1356,2.1752,0
GPU,1357,2.2484,0
GPU,1358,2.2363,0
GPU,1359,2.498,0
GPU,1360,2.7869,0
GPU,1361,2.3676,0
GPU,1362,2.3473,0
GPU,1363,2.3874,0
GPU,1364,2.3628,0
GPU,1365,2.5482,0
GPU,1366,2.3162,0
GPU,1367,2.3253,0
GPU,1368,2.9435,0
GPU,1369,2.6459,0
GPU,1370,2.374,0
GPU,1371,2.3932,0
GPU,1372,3.0103,0
GPU,1373,3.0474,0
GPU,1374,3.0157,0
GPU,1375,2.4847,0
GPU,1376,3.2119,0
GPU,1377,2.4857,0
GPU,1378,2.9377,0
GPU,1379,2.2348,0
GPU,1380,2.9955,0
GPU,1381,2.2905,0
GPU,1382,2.3359,0
GPU,1383,2.2789,0
GPU,1384,2.3753,0
GPU,1385,2.2758,0
GPU,1386,2.4461,0
GPU,1387,3.0652,0
GPU,1388,2.4002,0
GPU,1389,2.8856,0
GPU,1390,3.0086,0
GPU,1391,2.6215,0
GPU,1392,2.3765,0
GPU,1393,2.4177,0
GPU,1394,2.8582,0
GPU,1395,2.5886,0
GPU,1396,2.2742,0
GPU,1397,2.2451,0
GPU,1398,2.3406,0
GPU,1399,2.5303,0
GPU,1400,3.0686,0
GPU,1401,2.4186,0
GPU,1402,2.4003,0
GPU,1403,3.0482,0
GPU,1404,2.4081,0
GPU,1405,2.336,0
GPU,1406,2.6658,0
GPU,1407,2.4232,0
GPU,1408,2.3665,0
GPU,1409,2.3412,0
GPU,1410,2.392,0
GPU,1411,2.7976,0
GPU,1412,2.3542,0
GPU,1413,3.0173,0
GPU,1414,2.4403,0
GPU,1415,2.5343,0
GPU,1416,2.4945,0
GPU,1417,2.4079,0
GPU,1418,3.3045,0
GPU,1419,2.3646,0
GPU,1420,2.4147,0
GPU,1421,3.0084,0
GPU,1422,3.2261,0
GPU,1423,2.5145,0
GPU,1424,2.4993,0
GPU,1425,2.4719,0
GPU,1426,2.789,0
GPU,1427,2.4653,0
GPU,1428,2.4873,0
GPU,1429,3.2808,0
GPU,1430,2.728,0
GPU,1431,2.567,0
GPU,1432,2.6842,0
GPU,1433,2.6055,0
GPU,1434,2.599,0
GPU,1435,2.719,0
GPU,1436,2.7406,0
GPU,1437,2.6844,0
GPU,1438,2.6361,0
GPU,1439,2.7948,0
GPU,1440,2.6634,0
GPU,1441,2.439,0
GPU,1442,2.5081,0
GPU,1443,2.8786,0
GPU,1444,2.5327,0
GPU,1445,2.6607,0
GPU,1446,3.901,0
GPU,1447,3.0076,0
GPU,1448,3.5958,0
GPU,1449,2.8265,0
GPU,1450,2.5122,0
GPU,1451,3.2548,0
GPU,1452,4.4246,0
GPU,1453,3.3,0
GPU,1454,3.0483,0
GPU,1455,2.5688,0
GPU,1456,4.435,0
GPU,1457,3.7123,0
GPU,1458,2.6553,0
GPU,1459,3.4053,0
GPU,1460,3.3171,0
GPU,1461,2.4543,0
GPU,1462,2.7877,0
GPU,1463,3.4234,0
GPU,1464,2.6718,0
GPU,1465,2.6394,0
GPU,1466,2.6324,0
GPU,1467,2.5775,0
GPU,1468,3.0659,0
GPU,1469,2.6022,0
GPU,1470,2.5816,0
GPU,1471,2.7401,0
GPU,1472,2.727,0
GPU,1473,2.5058,0
GPU,1474,2.5298,0
GPU,1475,2.5923,0
GPU,1476,2.8639,0
GPU,1477,2.4435,0
GPU,1478,2.5455,0
GPU,1479,2.6026,0
GPU,1480,2.5277,0
GPU,1481,2.558,0
GPU,1482,3.5165,0
GPU,1483,3.1185,0
GPU,1484,3.1276,0
GPU,1485,2.2969,0
GPU,1486,2.513,0
GPU,1487,2.3708,0
GPU,1488,2.9505,0
GPU,1489,3.18,0
GPU,1490,2.3756,0
GPU,1491,2.7219,0
GPU,1492,2.3927,0
GPU,1493,3.0439,0
GPU,1494,2.6687,0
GPU,1495,2.5381,0
GPU,1496,2.5414,0
GPU,1497,2.6021,0
GPU,1498,2.7116,0
GPU,1499,3.105,0
GPU,1500,2.5107,0
GPU,1501,2.4248,0
GPU,1502,2.636,0
GPU,1503,3.2223,0
GPU,1504,2.4153,0
GPU,1505,2.362,0
GPU,1506,2.4811,0
GPU,1507,2.991,0
GPU,1508,2.4775,0
GPU,1509,2.5093,0
GPU,1510,2.5376,0
GPU,1511,2.5785,0
GPU,1512,3.1069,0
GPU,1513,2.4936,0
GPU,1514,3.748,0
GPU,1515,2.9103,0
GPU,1516,2.548,0
GPU,1517,2.566,0
GPU,1518,3.2513,0
GPU,1519,2.6696,0
GPU,1520,2.4033,0
GPU,1521,2.3991,0
GPU,1522,2.3719,0
GPU,1523,2.3854,0
GPU,1524,2.4181,0
GPU,1525,2.3814,0
GPU,1526,2.8622,0
GPU,1527,2.3494,0
GPU,1528,2.3936,0
GPU,1529,2.3709,0
GPU,1530,2.4183,0
GPU,1531,2.5044,0
GPU,1532,2.4834,0
GPU,1533,2.3441,0
GPU,1534,2.4787,0
GPU,1535,2.3916,0
GPU,1536,2.6358,0
GPU,1537,2.3166,0
GPU,1538,2.3663,0
GPU,1539,2.4457,0
GPU,1540,2.6192,0
GPU,1541,2.6397,0
GPU,1542,2.5922,0
GPU,1543,2.4932,0
GPU,1544,2.4545,0
GPU,1545,2.4745,0
GPU,1546,2.377,0
GPU,1547,2.5742,0
GPU,1548,2.4137,0
GPU,1549,2.3513,0
GPU,1550,2.4777,0
GPU,1551,2.4873,0
GPU,1552,2.2828,0
GPU,1553,2.4047,0
GPU,1554,2.4095,0
GPU,1555,2.4866,0
GPU,1556,2.2633,0
GPU,1557,2.2651,0
GPU,1558,2.3954,0
GPU,1559,2.3048,0
GPU,1560,2.8528,0
GPU,1561,3.1643,0
GPU,1562,3.1597,0
GPU,1563,2.958,0
GPU,1564,2.4087,0
GPU,1565,2.4771,0
GPU,1566,2.7475,0
GPU,1567,3.1953,0
GPU,1568,2.7723,0
GPU,1569,2.8603,0
GPU,1570,3.3904,0
GPU,1571,2.5539,0
GPU,1572,2.4103,0
GPU,1573,2.4159,0
GPU,1574,2.662,0
GPU,1575,3.2937,0
GPU,1576,3.264,0
GPU,1577,2.5037,0
GPU,1578,2.6131,0
GPU,1579,2.6692,0
GPU,1580,2.4937,0
GPU,1581,2.4248,0
GPU,1582,2.3122,0
GPU,1583,2.7946,0
GPU,1584,2.4507,0
GPU,1585,2.3625,0
GPU,1586,2.3054,0
GPU,1587,2.4676,0
GPU,1588,2.4965,0
GPU,1589,2.4752,0
GPU,1590,3.8793,0
GPU,1591,3.4713,0
GPU,1592,2.6418,0
GPU,1593,2.3108,0
GPU,1594,2.2481,0
GPU,1595,2.3279,0
GPU,1596,2.5427,0
GPU,1597,2.4404,0
GPU,1598,2.4301,0
GPU,1599,3.1128,0
GPU,1600,2.5093,0
GPU,1601,2.4687,0
GPU,1602,2.5263,0
GPU,1603,3.2963,0
GPU,1604,2.5796,0
GPU,1605,2.4129,0
GPU,1606,2.4053,0
GPU,1607,2.7087,0
GPU,1608,3.1253,0
GPU,1609,2.4167,0
GPU,1610,2.4645,0
GPU,1611,3.0702,0
GPU,1612,2.3407,0
GPU,1613,2.3785,0
GPU,1614,2.697,0
GPU,1615,2.4477,0
GPU,1616,2.4253,0
GPU,1617,2.4839,0
GPU,1618,2.6292,0
GPU,1619,2.4983,0
GPU,1620,2.5238,0
GPU,1621,2.457,0
GPU,1622,2.3158,0
GPU,1623,2.4371,0
GPU,1624,2.6788,0
GPU,1625,2.4261,0
GPU,1626,2.433,0
GPU,1627,3.085,0
GPU,1628,2.6142,0
GPU,1629,2.4738,0
GPU,1630,2.5554,0
GPU,1631,2.8321,0
GPU,1632,2.3575,0
GPU,1633,2.3703,0
GPU,1634,2.3441,0
GPU,1635,2.6469,0
GPU,1636,2.5109,0
GPU,1637,2.419,0
GPU,1638,2.3281,0
GPU,1639,2.4272,0
GPU,1640,2.7459,0
GPU,1641,2.3451,0
GPU,1642,2.5937,0
GPU,1643,2.5403,0
GPU,1644,2.4354,0
GPU,1645,2.5069,0
GPU,1646,2.6638,0
GPU,1647,2.6852,0
GPU,1648,2.4127,0
GPU,1649,2.5138,0
GPU,1650,3.0796,0
GPU,1651,2.6339,0
GPU,1652,2.4169,0
GPU,1653,2.5938,0
GPU,1654,3.0142,0
GPU,1655,2.3519,0
GPU,1656,2.4008,0
GPU,1657,2.499,0
GPU,1658,2.3954,0
GPU,1659,2.3606,0
GPU,1660,2.4404,0
GPU,1661,2.4239,0
GPU,1662,2.3163,0
GPU,1663,2.3479,0
GPU,1664,2.5009,0
GPU,1665,2.36,0
GPU,1666,3.011,0
GPU,1667,2.3971,0
GPU,1668,2.503,0
GPU,1669,2.3783,0
GPU,1670,2.3729,0
GPU,1671,2.4968,0
GPU,1672,2.3599,0
GPU,1673,2.4314,0
GPU,1674,2.4685,0
GPU,1675,2.561,0
GPU,1676,2.4163,0
GPU,1677,2.4755,0
GPU,1678,2.436,0
GPU,1679,3.2617,0
GPU,1680,3.136,0
GPU,1681,2.541,0
GPU,1682,2.4388,0
GPU,1683,2.525,0
GPU,1684,3.6724,0
GPU,1685,2.8276,0
GPU,1686,2.6468,0
GPU,1687,2.5564,0
GPU,1688,3.2835,0
GPU,1689,2.5465,0
GPU,1690,2.5065,0
GPU,1691,3.2147,0
GPU,1692,2.9344,0
GPU,1693,2.2897,0
GPU,1694,2.6345,0
GPU,1695,2.4606,0
GPU,1696,2.4843,0
GPU,1697,2.3717,0
GPU,1698,2.4061,0
GPU,1699,2.5683,0
GPU,1700,2.3484,0
GPU,1701,3.0205,0
GPU,1702,3.3019,0
GPU,1703,2.5253,0
GPU,1704,2.4138,0
GPU,1705,2.3497,0
GPU,1706,2.4097,0
GPU,1707,2.8622,0
GPU,1708,2.3238,0
GPU,1709,2.5721,0
GPU,1710,2.5263,0
GPU,1711,2.3545,0
GPU,1712,2.2875,0
GPU,1713,2.3954,0
GPU,1714,2.8827,0
GPU,1715,2.5311,0
GPU,1716,2.3735,0
GPU,1717,2.4166,0
GPU,1718,2.8797,0
GPU,1719,2.5903,0
GPU,1720,2.7229,0
GPU,1721,2.4532,0
GPU,1722,2.9995,0
GPU,1723,2.3681,0
GPU,1724,2.3426,0
GPU,1725,2.3488,0
GPU,1726,2.8084,0
GPU,1727,2.2549,0
GPU,1728,3.6273,0
GPU,1729,2.3022,0
GPU,1730,2.8578,0
GPU,1731,2.3575,0
GPU,1732,2.4353,0
GPU,1733,2.323,0
GPU,1734,3.4075,0
GPU,1735,3.2679,0
GPU,1736,3.2276,0
GPU,1737,3.2172,0
GPU,1738,3.1539,0
GPU,1739,3.177,0
GPU,1740,3.2854,0
GPU,1741,3.1381,0
GPU,1742,3.1615,0
GPU,1743,3.1499,0
GPU,1744,3.6566,0
GPU,1745,3.6706,0
GPU,1746,3.1396,0
GPU,1747,3.5697,0
GPU,1748,3.0824,0
GPU,1749,3.3382,0
GPU,1750,3.6915,0
GPU,1751,3.5856,0
GPU,1752,3.6423,0
GPU,1753,3.3035,0
GPU,1754,3.2042,0
GPU,1755,3.1799,0
GPU,1756,3.5413,0
GPU,1757,3.116,0
GPU,1758,3.2218,0
GPU,1759,3.1011,0
GPU,1760,3.1173,0
GPU,1761,3.136,0
GPU,1762,3.6279,0
GPU,1763,3.5919,0
GPU,1764,3.8695,0
GPU,1765,3.3843,0
GPU,1766,3.2101,0
GPU,1767,3.1651,0
GPU,1768,3.8227,0
GPU,1769,3.9716,0
GPU,1770,3.6591,0
GPU,1771,3.8031,0
GPU,1772,3.1545,0
GPU,1773,3.2078,0
GPU,1774,3.8611,0
GPU,1775,3.9561,0
GPU,1776,3.2741,0
GPU,1777,3.21,0
GPU,1778,2.4133,0
GPU,1779,2.3781,0
GPU,1780,2.3014,0
GPU,1781,2.3582,0
GPU,1782,2.3931,0
GPU,1783,2.4174,0
GPU,1784,2.8093,0
GPU,1785,2.3672,0
GPU,1786,2.8113,0
GPU,1787,2.8431,0
GPU,1788,2.486,0
GPU,1789,3.1472,0
GPU,1790,3.4629,0
GPU,1791,3.1833,0
GPU,1792,3.464,0
GPU,1793,3.7876,0
GPU,1794,3.6977,0
GPU,1795,2.6742,0
GPU,1796,3.9882,0
GPU,1797,2.9214,0
GPU,1798,3.7196,0
GPU,1799,3.0069,0
GPU,1800,2.6825,0
GPU,1801,2.7889,0
GPU,1802,2.8338,0
GPU,1803,3.1946,0
GPU,1804,2.7727,0
GPU,1805,2.7951,0
GPU,1806,2.4743,0
GPU,1807,3.1444,0
GPU,1808,3.3822,0
GPU,1809,2.5855,0
GPU,1810,2.5094,0
GPU,1811,2.4429,0
GPU,1812,3.4956,0
GPU,1813,2.797,0
GPU,1814,2.6349,0
GPU,1815,2.6007,0
GPU,1816,3.6167,0
GPU,1817,2.8597,0
GPU,1818,2.7365,0
GPU,1819,2.635,0
GPU,1820,3.472,0
GPU,1821,2.6739,0
GPU,1822,2.5171,0
GPU,1823,2.4996,0
GPU,1824,3.2004,0
GPU,1825,2.8922,0
GPU,1826,2.6295,0
GPU,1827,2.4832,0
GPU,1828,2.9777,0
GPU,1829,2.4844,0
GPU,1830,2.4903,0
GPU,1831,2.3366,0
GPU,1832,3.2731,0
GPU,1833,2.4899,0
GPU,1834,2.5952,0
GPU,1835,2.5785,0
GPU,1836,2.456,0
GPU,1837,2.4669,0
GPU,1838,2.4377,0
GPU,1839,2.4075,0
GPU,1840,2.5008,0
GPU,1841,5.9561,0
GPU,1842,2.548,0
GPU,1843,2.5664,0
GPU,1844,2.5025,0
GPU,1845,2.3573,0
GPU,1846,2.5595,0
GPU,1847,2.4927,0
GPU,1848,2.4188,0
GPU,1849,2.5642,0
GPU,1850,2.3152,0
GPU,1851,2.3733,0
GPU,1852,3.0373,0
GPU,1853,2.4549,0
GPU,1854,2.4496,0
GPU,1855,2.4065,0
GPU,1856,3.0425,0
GPU,1857,2.4309,0
GPU,1858,2.3659,0
GPU,1859,2.3272,0
GPU,1860,2.9977,0
GPU,1861,2.672,0
GPU,1862,2.2693,0
GPU,1863,2.313,0
GPU,1864,3.0463,0
GPU,1865,3.2084,0
GPU,1866,3.0648,0
GPU,1867,2.4063,0
GPU,1868,2.5135,0
GPU,1869,2.4488,0
GPU,1870,2.3675,0
GPU,1871,2.456,0
GPU,1872,2.5003,0
GPU,1873,2.5002,0
GPU,1874,2.3738,0
GPU,1875,2.4224,0
GPU,1876,2.563,0
GPU,1877,2.3002,0
GPU,1878,2.9481,0
GPU,1879,3.2796,0
GPU,1880,2.4238,0
GPU,1881,2.3271,0
GPU,1882,3.0105,0
GPU,1883,3.5275,0
GPU,1884,2.6689,0
GPU,1885,2.4094,0
GPU,1886,2.9782,0
GPU,1887,3.6246,0
GPU,1888,2.7071,0
GPU,1889,2.4808,0
GPU,1890,2.6011,0
GPU,1891,2.5456,0
GPU,1892,2.564,0
GPU,1893,3.0639,0
GPU,1894,3.2833,0
GPU,1895,3.6208,0
GPU,1896,2.8371,0
GPU,1897,3.0255,0
GPU,1898,3.3674,0
GPU,1899,2.6256,0
GPU,1900,2.7751,0
GPU,1901,4.5664,0
GPU,1902,3.5408,0
GPU,1903,4.1647,0
GPU,1904,2.841,0
GPU,1905,3.4159,0
GPU,1906,2.7035,0
GPU,1907,3.7731,0
GPU,1908,2.8808,0
GPU,1909,2.7281,0
GPU,1910,2.8505,0
GPU,1911,2.6445,0
GPU,1912,2.9994,0
GPU,1913,2.7909,0
GPU,1914,3.42,0
GPU,1915,2.7884,0
GPU,1916,2.6306,0
GPU,1917,2.7913,0
GPU,1918,2.6227,0
GPU,1919,2.7208,0
GPU,1920,2.7782,0
GPU,1921,2.6541,0
GPU,1922,2.6618,0
GPU,1923,2.7882,0
GPU,1924,2.9034,0
GPU,1925,2.9381,0
GPU,1926,2.7283,0
GPU,1927,2.7357,0
GPU,1928,2.6561,0
GPU,1929,2.544,0
GPU,1930,2.7535,0
GPU,1931,2.5835,0
GPU,1932,2.6,0
GPU,1933,2.4991,0
GPU,1934,2.4646,0
GPU,1935,2.3757,0
GPU,1936,2.5295,0
GPU,1937,2.6483,0
GPU,1938,2.4569,0
GPU,1939,2.3004,0
GPU,1940,2.3721,0
GPU,1941,2.2874,0
GPU,1942,2.5428,0
GPU,1943,2.8623,0
GPU,1944,2.5458,0
GPU,1945,2.4332,0
GPU,1946,2.5437,0
GPU,1947,2.5377,0
GPU,1948,2.5314,0
GPU,1949,2.5201,0
GPU,1950,2.4371,0
GPU,1951,2.458,0
GPU,1952,3.2633,0
GPU,1953,2.4631,0
GPU,1954,2.4292,0
GPU,1955,2.5864,0
GPU,1956,3.2513,0
GPU,1957,2.5424,0
GPU,1958,2.3842,0
GPU,1959,2.446,0
GPU,1960,3.1202,0
GPU,1961,2.4774,0
GPU,1962,2.438,0
GPU,1963,2.3244,0
GPU,1964,3.0899,0
GPU,1965,2.7131,0
GPU,1966,2.6306,0
GPU,1967,2.6131,0
GPU,1968,2.5706,0
GPU,1969,2.704,0
GPU,1,183.226,1
GPU,2,7.6358,0
GPU,3,2.1444,0
GPU,4,2.1188,0
GPU,5,2.1755,0
GPU,6,2.8019,0
GPU,7,2.3334,0
GPU,8,2.5679,0
GPU,9,2.87,0
GPU,10,2.5485,0
GPU,11,2.585,0
GPU,12,2.4859,0
GPU,13,2.475,0
GPU,14,2.4139,0
GPU,15,2.457,0
GPU,16,2.9446,0
GPU,17,2.7206,0
GPU,18,5.1313,0
GPU,19,3.7599,0
GPU,20,3.2744,0
GPU,21,2.6015,0
GPU,22,3.4776,0
GPU,23,2.9543,0
GPU,24,2.6959,0
GPU,25,2.6744,0
GPU,26,3.4426,0
GPU,27,2.681,0
GPU,28,2.5201,0
GPU,29,2.6768,0
GPU,30,3.3448,0
GPU,31,2.8906,0
GPU,32,4.2492,0
GPU,33,2.803,0
GPU,34,3.3231,0
GPU,35,4.2715,0
GPU,36,2.8494,0
GPU,37,2.7871,0
GPU,38,3.2024,0
GPU,39,3.2852,0
GPU,40,3.4495,0
GPU,41,3.1744,0
GPU,42,3.8852,0
GPU,43,3.4858,0
GPU,44,3.3743,0
GPU,45,3.3324,0
GPU,46,2.7229,0
GPU,47,4.2478,0
GPU,48,3.0967,0
GPU,49,2.7704,0
GPU,50,3.4998,0
GPU,51,3.7702,0
GPU,52,3.6676,0
GPU,53,2.7679,0
GPU,54,3.4185,0
GPU,55,3.5595,0
GPU,56,3.295,0
GPU,57,3.2276,0
GPU,58,2.7452,0
GPU,59,3.1208,0
GPU,60,4.0324,0
GPU,61,3.209,0
GPU,62,3.1813,0
GPU,63,3.4919,0
GPU,64,2.7453,0
GPU,65,3.2364,0
GPU,66,3.4018,0
GPU,67,3.3289,0
GPU,68,3.3209,0
GPU,69,2.746,0
GPU,70,2.9522,0
GPU,71,3.323,0
GPU,72,3.1658,0
GPU,73,2.603,0
GPU,74,3.4112,0
GPU,75,2.6311,0
GPU,76,3.2959,0
GPU,77,3.6654,0
GPU,78,2.9171,0
GPU,79,3.5451,0
GPU,80,2.9198,0
GPU,81,3.3661,0
GPU,82,3.6956,0
GPU,83,3.6444,0
GPU,84,3.5854,0
GPU,85,2.6622,0
GPU,86,2.7191,0
GPU,87,3.6641,0
GPU,88,2.9782,0
GPU,89,2.6271,0
GPU,90,3.1208,0
GPU,91,2.7544,0
GPU,92,3.6563,0
GPU,93,3.4247,0
GPU,94,3.6557,0
GPU,95,2.8985,0
GPU,96,2.8137,0
GPU,97,3.5418,0
GPU,98,4.2427,0
GPU,99,2.6242,0
GPU,100,3.6011,0
GPU,101,3.5617,0
GPU,102,2.7861,0
GPU,103,3.2937,0
GPU,104,3.75,0
GPU,105,3.2798,0
GPU,106,3.459,0
GPU,107,3.4254,0
GPU,108,2.8429,0
GPU,109,3.7877,0
GPU,110,3.8926,0
GPU,111,3.5801,0
GPU,112,3.4406,0
GPU,113,3.597,0
GPU,114,3.4068,0
GPU,115,3.0257,0
GPU,116,4.1604,0
GPU,117,4.0746,0
GPU,118,3.0953,0
GPU,119,3.0172,0
GPU,120,3.1559,0
GPU,121,2.7474,0
GPU,122,3.0991,0
GPU,123,2.6716,0
GPU,124,3.0156,0
GPU,125,3.5966,0
GPU,126,2.8011,0
GPU,127,3.9875,0
GPU,128,3.5967,0
GPU,129,3.1295,0
GPU,130,3.5765,0
GPU,131,3.4193,0
GPU,132,2.8295,0
GPU,133,2.7862,0
GPU,134,3.2261,0
GPU,135,2.9196,0
GPU,136,4.3572,0
GPU,137,3.7851,0
GPU,138,3.4529,0
GPU,139,3.5689,0
GPU,140,2.6429,0
GPU,141,3.1008,0
GPU,142,2.6492,0
GPU,143,3.5112,0
GPU,144,3.6221,0
GPU,145,2.9053,0
GPU,146,3.6362,0
GPU,147,2.6181,0
GPU,148,3.5948,0
GPU,149,2.9171,0
GPU,150,2.6633,0
GPU,151,3.6638,0
GPU,152,3.4753,0
GPU,153,2.8919,0
GPU,154,2.8021,0
GPU,155,3.1393,0
GPU,156,4.2551,0
GPU,157,3.5848,0
GPU,158,3.5215,0
GPU,159,2.8706,0
GPU,160,2.7846,0
GPU,161,3.8116,0
GPU,162,2.994,0
GPU,163,2.7761,0
GPU,164,3.0743,0
GPU,165,2.7689,0
GPU,166,3.3933,0
GPU,167,3.402,0
GPU,168,2.9816,0
GPU,169,3.5329,0
GPU,170,2.9492,0
GPU,171,2.6326,0
GPU,172,4.4755,0
GPU,173,3.2194,0
GPU,174,2.6008,0
GPU,175,2.6287,0
GPU,176,3.9524,0
GPU,177,3.3417,0
GPU,178,3.5431,0
GPU,179,2.8237,0
GPU,180,3.3347,0
GPU,181,3.8018,0
GPU,182,3.4805,0
GPU,183,2.6811,0
GPU,184,3.1256,0
GPU,185,3.2648,0
GPU,186,3.1627,0
GPU,187,3.5131,0
GPU,188,3.3697,0
GPU,189,3.4502,0
GPU,190,3.0652,0
GPU,191,3.3146,0
GPU,192,4.1373,0
GPU,193,2.7891,0
GPU,194,2.6095,0
GPU,195,2.5791,0
GPU,196,2.3848,0
GPU,197,2.5219,0
GPU,198,2.451,0
GPU,199,3.6477,0
GPU,200,2.7194,0
GPU,201,2.5723,0
GPU,202,3.2422,0
GPU,203,2.6913,0
GPU,204,2.6593,0
GPU,205,2.5502,0
GPU,206,3.5462,0
GPU,207,3.3371,0
GPU,208,3.1185,0
GPU,209,3.1985,0
GPU,210,3.232,0
GPU,211,3.0922,0
GPU,212,2.3552,0
GPU,213,2.3208,0
GPU,214,2.5036,0
GPU,215,2.5144,0
GPU,216,2.5362,0
GPU,217,2.3611,0
GPU,218,2.5477,0
GPU,219,2.5729,0
GPU,220,2.5064,0
GPU,221,2.3693,0
GPU,222,2.5348,0
GPU,223,3.2537,0
GPU,224,2.4394,0
GPU,225,3.9073,0
GPU,226,3.5664,0
GPU,227,3.4508,0
GPU,228,2.7643,0
GPU,229,2.4258,0
GPU,230,2.5763,0
GPU,231,2.823,0
GPU,232,2.9077,0
GPU,233,3.8697,0
GPU,234,3.3933,0
GPU,235,2.6788,0
GPU,236,3.6525,0
GPU,237,3.1897,0
GPU,238,2.4425,0
GPU,239,2.915,0
GPU,240,2.9374,0
GPU,241,3.4021,0
GPU,242,2.6781,0
GPU,243,2.5271,0
GPU,244,2.6798,0
GPU,245,3.5679,0
GPU,246,3.1883,0
GPU,247,2.4612,0
GPU,248,3.0439,0
GPU,249,3.2897,0
GPU,250,2.5684,0
GPU,251,3.3322,0
GPU,252,2.6833,0
GPU,253,2.7956,0
GPU,254,3.9366,0
GPU,255,2.5873,0
GPU,256,2.7399,0
GPU,257,2.9185,0
GPU,258,2.7315,0
GPU,259,2.7926,0
GPU,260,3.4332,0
GPU,261,2.715,0
GPU,262,2.6607,0
GPU,263,3.988,0
GPU,264,3.0596,0
GPU,265,2.8125,0
GPU,266,3.4659,0
GPU,267,2.9802,0
GPU,268,2.8052,0
GPU,269,2.8394,0
GPU,270,2.6677,0
GPU,271,3.5351,0
GPU,272,2.829,0
GPU,273,2.6623,0
GPU,274,2.7229,0
GPU,275,3.8997,0
GPU,276,2.6899,0
GPU,277,2.6602,0
GPU,278,3.6103,0
GPU,279,2.7293,0
GPU,280,2.5937,0
GPU,281,2.5029,0
GPU,282,2.6916,0
GPU,283,2.8253,0
GPU,284,3.1037,0
GPU,285,2.6253,0
GPU,286,2.6575,0
GPU,287,2.8093,0
GPU,288,2.4792,0
GPU,289,2.38,0
GPU,290,2.2607,0
GPU,291,2.3754,0
GPU,292,2.7989,0
GPU,293,2.9801,0
GPU,294,2.584,0
GPU,295,2.6757,0
GPU,296,2.5059,0
GPU,297,2.5708,0
GPU,298,2.4462,0
GPU,299,2.5936,0
GPU,300,2.4512,0
GPU,301,2.3421,0
GPU,302,2.3752,0
GPU,303,2.2842,0
GPU,304,2.2824,0
GPU,305,2.3164,0
GPU,306,2.5041,0
GPU,307,2.3956,0
GPU,308,2.377,0
GPU,309,2.2367,0
GPU,310,2.4317,0
GPU,311,2.4055,0
GPU,312,2.2883,0
GPU,313,2.2767,0
GPU,314,2.3244,0
GPU,315,2.4868,0
GPU,316,2.2546,0
GPU,317,2.2168,0
GPU,318,2.3866,0
GPU,319,2.3396,0
GPU,320,2.2983,0
GPU,321,3.2012,0
GPU,322,2.5847,0
GPU,323,2.451,0
GPU,324,2.3617,0
GPU,325,3.0945,0
GPU,326,2.3348,0
GPU,327,2.2677,0
GPU,328,2.3472,0
GPU,329,2.7022,0
GPU,330,2.3607,0
GPU,331,2.3784,0
GPU,332,2.3272,0
GPU,333,2.6917,0
GPU,334,2.7568,0
GPU,335,2.6284,0
GPU,336,2.6549,0
GPU,337,2.7611,0
GPU,338,2.3755,0
GPU,339,3.1176,0
GPU,340,2.7066,0
GPU,341,2.5271,0
GPU,342,2.4245,0
GPU,343,2.3003,0
GPU,344,2.7721,0
GPU,345,2.4815,0
GPU,346,2.4704,0
GPU,347,2.3936,0
GPU,348,2.4883,0
GPU,349,3.2915,0
GPU,350,2.9434,0
GPU,351,3.0192,0
GPU,352,2.3548,0
GPU,353,2.3855,0
GPU,354,2.3296,0
GPU,355,2.379,0
GPU,356,2.3531,0
GPU,357,2.3767,0
GPU,358,2.3564,0
GPU,359,2.8124,0
GPU,360,2.3541,0
GPU,361,2.2706,0
GPU,362,2.9682,0
GPU,363,2.3567,0
GPU,364,2.4594,0
GPU,365,2.3462,0
GPU,366,2.8147,0
GPU,367,2.916,0
GPU,368,2.4406,0
GPU,369,2.278,0
GPU,370,3.034,0
GPU,371,2.5887,0
GPU,372,2.4194,0
GPU,373,2.439,0
GPU,374,2.408,0
GPU,375,2.4391,0
GPU,376,2.428,0
GPU,377,2.3436,0
GPU,378,2.3027,0
GPU,379,2.4624,0
GPU,380,2.4922,0
GPU,381,2.3913,0
GPU,382,2.5398,0
GPU,383,2.471,0
GPU,384,2.4222,0
GPU,385,2.3784,0
GPU,386,2.507,0
GPU,387,2.5155,0
GPU,388,2.4834,0
GPU,389,2.3792,0
GPU,390,2.4484,0
GPU,391,2.406,0
GPU,392,2.3774,0
GPU,393,2.8341,0
GPU,394,2.4815,0
GPU,395,2.3947,0
GPU,396,2.4213,0
GPU,397,2.3495,0
GPU,398,2.9153,0
GPU,399,3.1258,0
GPU,400,2.4812,0
GPU,401,2.4863,0
GPU,402,2.338,0
GPU,403,2.3949,0
GPU,404,2.7955,0
GPU,405,2.5028,0
GPU,406,2.4523,0
GPU,407,2.369,0
GPU,408,2.375,0
GPU,409,2.4488,0
GPU,410,2.3747,0
GPU,411,2.3998,0
GPU,412,3.3548,0
GPU,413,2.524,0
GPU,414,2.4513,0
GPU,415,2.882,0
GPU,416,2.4335,0
GPU,417,2.4197,0
GPU,418,2.4103,0
GPU,419,2.5436,0
GPU,420,2.3769,0
GPU,421,2.9262,0
GPU,422,2.4259,0
GPU,423,2.5685,0
GPU,424,2.4697,0
GPU,425,2.4526,0
GPU,426,2.4468,0
GPU,427,3.3104,0
GPU,428,2.4723,0
GPU,429,2.3982,0
GPU,430,2.4666,0
GPU,431,3.2253,0
GPU,432,2.5294,0
GPU,433,2.5706,0
GPU,434,2.6853,0
GPU,435,3.0382,0
GPU,436,2.3924,0
GPU,437,2.8863,0
GPU,438,2.4034,0
GPU,439,2.489,0
GPU,440,2.2999,0
GPU,441,2.6897,0
GPU,442,2.29,0
GPU,443,2.4597,0
GPU,444,2.8596,0
GPU,445,2.5643,0
GPU,446,2.7153,0
GPU,447,2.6341,0
GPU,448,2.8372,0
GPU,449,3.136,0
GPU,450,2.8353,0
GPU,451,3.5314,0
GPU,452,2.643,0
GPU,453,3.2459,0
GPU,454,2.5593,0
GPU,455,3.1632,0
GPU,456,2.4571,0
GPU,457,2.644,0
GPU,458,2.4399,0
GPU,459,2.5287,0
GPU,460,3.0475,0
GPU,461,2.4481,0
GPU,462,2.489,0
GPU,463,2.4321,0
GPU,464,2.4501,0
GPU,465,2.5573,0
GPU,466,2.489,0
GPU,467,2.4072,0
GPU,468,2.3772,0
GPU,469,2.3726,0
GPU,470,2.7207,0
GPU,471,2.4172,0
GPU,472,2.7666,0
GPU,473,2.6957,0
GPU,474,2.8084,0
GPU,475,4.0164,0
GPU,476,3.5242,0
GPU,477,2.5128,0
GPU,478,2.4641,0
GPU,479,2.3417,0
GPU,480,2.5785,0
GPU,481,2.4512,0
GPU,482,2.4603,0
GPU,483,2.3983,0
GPU,484,2.6422,0
GPU,485,2.4108,0
GPU,486,2.315,0
GPU,487,2.3541,0
GPU,488,2.7297,0
GPU,489,2.432,0
GPU,490,2.4482,0
GPU,491,2.6954,0
GPU,492,2.385,0
GPU,493,2.4549,0
GPU,494,2.3905,0
GPU,495,2.5685,0
GPU,496,2.4837,0
GPU,497,2.3842,0
GPU,498,2.4349,0
GPU,499,2.3786,0
GPU,500,2.7704,0
GPU,501,2.3371,0
GPU,502,2.3589,0
GPU,503,2.5279,0
GPU,504,2.3669,0
GPU,505,2.2456,0
GPU,506,2.2607,0
GPU,507,2.7796,0
GPU,508,2.5678,0
GPU,509,2.4939,0
GPU,510,2.6366,0
GPU,511,2.5255,0
GPU,512,2.5455,0
GPU,513,2.4193,0
GPU,514,3.0707,0
GPU,515,2.4657,0
GPU,516,2.3297,0
GPU,517,3.2552,0
GPU,518,2.5874,0
GPU,519,2.3009,0
GPU,520,3.2126,0
GPU,521,2.4997,0
GPU,522,2.9255,0
GPU,523,2.9911,0
GPU,524,3.2278,0
GPU,525,2.9086,0
GPU,526,2.826,0
GPU,527,2.3339,0
GPU,528,2.5319,0
GPU,529,3.0616,0
GPU,530,2.8565,0
GPU,531,2.4566,0
GPU,532,2.982,0
GPU,533,2.6105,0
GPU,534,2.6123,0
GPU,535,2.4498,0
GPU,536,2.473,0
GPU,537,2.5934,0
GPU,538,2.4848,0
GPU,539,2.4362,0
GPU,540,2.8726,0
GPU,541,2.6038,0
GPU,542,3.147,0
GPU,543,2.8553,0
GPU,544,2.4131,0
GPU,545,2.5012,0
GPU,546,2.8531,0
GPU,547,3.3518,0
GPU,548,3.141,0
GPU,549,3.1949,0
GPU,550,2.6692,0
GPU,551,3.3398,0
GPU,552,2.6948,0
GPU,553,2.4779,0
GPU,554,2.5222,0
GPU,555,2.7422,0
GPU,556,2.5898,0
GPU,557,2.5924,0
GPU,558,3.2264,0
GPU,559,2.8031,0
GPU,560,3.4913,0
GPU,561,3.3078,0
GPU,562,3.2236,0
GPU,563,4.6204,0
GPU,564,3.7939,0
GPU,565,2.6226,0
GPU,566,3.4426,0
GPU,567,3.2959,0
GPU,568,2.9676,0
GPU,569,2.5589,0
GPU,570,2.7965,0
GPU,571,3.5497,0
GPU,572,3.7231,0
GPU,573,3.3048,0
GPU,574,4.349,0
GPU,575,3.8936,0
GPU,576,3.5681,0
GPU,577,2.8187,0
GPU,578,2.8539,0
GPU,579,2.607,0
GPU,580,2.676,0
GPU,581,3.2774,0
GPU,582,3.6179,0
GPU,583,3.0239,0
GPU,584,2.4609,0
GPU,585,2.3819,0
GPU,586,2.4101,0
GPU,587,2.4233,0
GPU,588,2.3285,0
GPU,589,2.302,0
GPU,590,2.6135,0
GPU,591,2.3169,0
GPU,592,2.5663,0
GPU,593,2.3918,0
GPU,594,2.7112,0
GPU,595,3.3387,0
GPU,596,2.5272,0
GPU,597,2.441,0
GPU,598,2.3386,0
GPU,599,2.3625,0
GPU,600,2.3739,0
GPU,601,2.435,0
GPU,602,2.4231,0
GPU,603,3.2159,0
GPU,604,2.5865,0
GPU,605,2.3531,0
GPU,606,2.4556,0
GPU,607,2.3784,0
GPU,608,2.3831,0
GPU,609,3.1269,0
GPU,610,2.4879,0
GPU,611,2.4331,0
GPU,612,2.495,0
GPU,613,2.3881,0
GPU,614,2.7479,0
GPU,615,2.4757,0
GPU,616,2.4837,0
GPU,617,2.3037,0
GPU,618,2.3342,0
GPU,619,2.4802,0
GPU,620,2.8662,0
GPU,621,2.3644,0
GPU,622,2.9427,0
GPU,623,2.4652,0
GPU,624,2.3627,0
GPU,625,2.4034,0
GPU,626,2.5218,0
GPU,627,2.3119,0
GPU,628,2.9958,0
GPU,629,2.3439,0
GPU,630,2.2951,0
GPU,631,2.3845,0
GPU,632,2.2842,0
GPU,633,2.3684,0
GPU,634,2.8218,0
GPU,635,2.3995,0
GPU,636,2.3483,0
GPU,637,2.3301,0
GPU,638,2.6456,0
GPU,639,2.3283,0
GPU,640,2.3754,0
GPU,641,2.2367,0
GPU,642,2.9951,0
GPU,643,2.2831,0
GPU,644,2.3337,0
GPU,645,2.2927,0
GPU,646,2.7138,0
GPU,647,2.2857,0
GPU,648,2.263,0
GPU,649,2.2588,0
GPU,650,2.387,0
GPU,651,2.3637,0
GPU,652,2.3767,0
GPU,653,2.3098,0
GPU,654,2.7837,0
GPU,655,2.3801,0
GPU,656,2.3418,0
GPU,657,2.4548,0
GPU,658,2.3031,0
GPU,659,2.4914,0
GPU,660,2.3111,0
GPU,661,2.3622,0
GPU,662,2.4202,0
GPU,663,2.5665,0
GPU,664,2.3766,0
GPU,665,2.5327,0
GPU,666,2.2904,0
GPU,667,2.3971,0
GPU,668,2.3443,0
GPU,669,2.5558,0
GPU,670,2.5476,0
GPU,671,2.3806,0
GPU,672,2.3528,0
GPU,673,3.2295,0
GPU,674,3.6726,0
GPU,675,2.6466,0
GPU,676,3.1208,0
GPU,677,3.4983,0
GPU,678,3.2574,0
GPU,679,3.1525,0
GPU,680,2.7495,0
GPU,681,2.7208,0
GPU,682,2.5804,0
GPU,683,2.5224,0
GPU,684,3.2299,0
GPU,685,2.5587,0
GPU,686,2.4612,0
GPU,687,2.4705,0
GPU,688,2.9345,0
GPU,689,2.5026,0
GPU,690,2.4897,0
GPU,691,2.5324,0
GPU,692,2.4222,0
GPU,693,2.5631,0
GPU,694,2.483,0
GPU,695,2.7229,0
GPU,696,2.6768,0
GPU,697,2.4943,0
GPU,698,2.5624,0
GPU,699,2.4299,0
GPU,700,2.806,0
GPU,701,2.4075,0
GPU,702,2.5721,0
GPU,703,2.4251,0
GPU,704,2.3676,0
GPU,705,2.5199,0
GPU,706,2.3733,0
GPU,707,3.1306,0
GPU,708,2.3676,0
GPU,709,2.586,0
GPU,710,2.4231,0
GPU,711,2.4602,0
GPU,712,2.4869,0
GPU,713,2.4453,0
GPU,714,2.5333,0
GPU,715,2.3737,0
GPU,716,3.1406,0
GPU,717,2.5882,0
GPU,718,2.3756,0
GPU,719,2.3897,0
GPU,720,3.1979,0
GPU,721,2.3482,0
GPU,722,2.2873,0
GPU,723,2.2528,0
GPU,724,2.4326,0
GPU,725,2.4313,0
GPU,726,2.4246,0
GPU,727,2.3764,0
GPU,728,2.4907,0
GPU,729,3.2757,0
GPU,730,4.7353,0
GPU,731,3.7224,0
GPU,732,3.1111,0
GPU,733,2.3616,0
GPU,734,2.2599,0
GPU,735,2.2731,0
GPU,736,2.3384,0
GPU,737,2.2627,0
GPU,738,2.4919,0
GPU,739,2.4839,0
GPU,740,2.3819,0
GPU,741,2.5241,0
GPU,742,2.7317,0
GPU,743,2.4957,0
GPU,744,2.3263,0
GPU,745,2.5549,0
GPU,746,2.4584,0
GPU,747,2.7163,0
GPU,748,2.7254,0
GPU,749,2.5456,0
GPU,750,2.6517,0
GPU,751,3.0683,0
GPU,752,2.6893,0
GPU,753,2.6297,0
GPU,754,2.6065,0
GPU,755,2.7311,0
GPU,756,2.6806,0
GPU,757,2.6074,0
GPU,758,2.6056,0
GPU,759,2.4894,0
GPU,760,2.5381,0
GPU,761,2.5975,0
GPU,762,2.737,0
GPU,763,2.5126,0
GPU,764,2.6679,0
GPU,765,2.6871,0
GPU,766,2.734,0
GPU,767,3.2565,0
GPU,768,2.8162,0
GPU,769,2.7644,0
GPU,770,2.6097,0
GPU,771,2.8072,0
GPU,772,2.6251,0
GPU,773,2.4406,0
GPU,774,2.4053,0
GPU,775,2.541,0
GPU,776,3.106,0
GPU,777,2.4998,0
GPU,778,2.4263,0
GPU,779,2.3288,0
GPU,780,2.2911,0
GPU,781,2.4509,0
GPU,782,2.6975,0
GPU,783,2.4872,0
GPU,784,3.2935,0
GPU,785,2.57,0
GPU,786,3.2211,0
GPU,787,2.8346,0
GPU,788,2.5108,0
GPU,789,3.0763,0
GPU,790,2.7933,0
GPU,791,2.5861,0
GPU,792,3.2433,0
GPU,793,2.5115,0
GPU,794,2.5634,0
GPU,795,2.6906,0
GPU,796,3.3244,0
GPU,797,2.9858,0
GPU,798,2.651,0
GPU,799,3.0916,0
GPU,800,2.7364,0
GPU,801,3.4771,0
GPU,802,3.2358,0
GPU,803,3.1588,0
GPU,804,3.3061,0
GPU,805,2.7225,0
GPU,806,2.3884,0
GPU,807,2.3751,0
GPU,808,2.4726,0
GPU,809,2.6557,0
GPU,810,2.5415,0
GPU,811,2.448,0
GPU,812,3.633,0
GPU,813,2.5675,0
GPU,814,2.5621,0
GPU,815,2.8427,0
GPU,816,3.7349,0
GPU,817,2.827,0
GPU,818,3.8223,0
GPU,819,2.5583,0
GPU,820,2.6823,0
GPU,821,2.7156,0
GPU,822,2.6162,0
GPU,823,2.8381,0
GPU,824,3.0371,0
GPU,825,2.8033,0
GPU,826,2.7248,0
GPU,827,3.2396,0
GPU,828,2.5195,0
GPU,829,2.6875,0
GPU,830,2.8416,0
GPU,831,2.9521,0
GPU,832,2.7312,0
GPU,833,3.5114,0
GPU,834,3.5044,0
GPU,835,3.3442,0
GPU,836,3.3511,0
GPU,837,3.3312,0
GPU,838,2.7406,0
GPU,839,2.8246,0
GPU,840,3.9443,0
GPU,841,2.8598,0
GPU,842,2.756,0
GPU,843,2.6033,0
GPU,844,3.9009,0
GPU,845,4.1796,0
GPU,846,2.5839,0
GPU,847,3.1753,0
GPU,848,2.8961,0
GPU,849,2.6904,0
GPU,850,2.5153,0
GPU,851,3.6474,0
GPU,852,2.5773,0
GPU,853,2.5892,0
GPU,854,3.7651,0
GPU,855,3.2372,0
GPU,856,3.4159,0
GPU,857,3.5208,0
GPU,858,2.6176,0
GPU,859,3.257,0
GPU,860,2.9932,0
GPU,861,2.6264,0
GPU,862,2.5191,0
GPU,863,3.6962,0
GPU,864,3.8474,0
GPU,865,3.4025,0
GPU,866,3.0787,0
GPU,867,3.5266,0
GPU,868,3.226,0
GPU,869,2.613,0
GPU,870,2.5954,0
GPU,871,2.5015,0
GPU,872,2.5962,0
GPU,873,3.2969,0
GPU,874,2.4501,0
GPU,875,2.576,0
GPU,876,2.6599,0
GPU,877,3.0101,0
GPU,878,2.6325,0
GPU,879,2.5955,0
GPU,880,3.0245,0
GPU,881,3.3029,0
GPU,882,2.5226,0
GPU,883,2.5647,0
GPU,884,2.5479,0
GPU,885,3.2288,0
GPU,886,3.2532,0
GPU,887,3.6425,0
GPU,888,3.4643,0
GPU,889,2.6745,0
GPU,890,2.5828,0
GPU,891,2.6396,0
GPU,892,2.785,0
GPU,893,2.6461,0
GPU,894,2.7053,0
GPU,895,2.7888,0
GPU,896,2.892,0
GPU,897,2.6336,0
GPU,898,2.7456,0
GPU,899,2.5828,0
GPU,900,2.7395,0
GPU,901,2.643,0
GPU,902,3.6537,0
GPU,903,2.785,0
GPU,904,2.6896,0
GPU,905,2.7357,0
GPU,906,3.437,0
GPU,907,3.6737,0
GPU,908,3.0007,0
GPU,909,2.6632,0
GPU,910,2.7281,0
GPU,911,2.6198,0
GPU,912,2.5172,0
GPU,913,2.5885,0
GPU,914,2.5424,0
GPU,915,2.3651,0
GPU,916,2.9773,0
GPU,917,2.5646,0
GPU,918,2.5948,0
GPU,919,2.9208,0
GPU,920,3.084,0
GPU,921,2.5183,0
GPU,922,2.2394,0
GPU,923,2.2369,0
GPU,924,2.8575,0
GPU,925,2.4726,0
GPU,926,2.3475,0
GPU,927,2.2646,0
GPU,928,3.1427,0
GPU,929,2.5835,0
GPU,930,2.3801,0
GPU,931,2.9915,0
GPU,932,3.2845,0
GPU,933,2.4996,0
GPU,934,2.558,0
GPU,935,2.5917,0
GPU,936,3.091,0
GPU,937,2.7988,0
GPU,938,2.4713,0
GPU,939,2.3176,0
GPU,940,3.2067,0
GPU,941,2.5382,0
GPU,942,2.4805,0
GPU,943,2.3072,0
GPU,944,2.3932,0
GPU,945,2.7577,0
GPU,946,2.3255,0
GPU,947,2.8183,0
GPU,948,2.4599,0
GPU,949,2.8527,0
GPU,950,2.9776,0
GPU,951,2.9446,0
GPU,952,2.4803,0
GPU,953,2.4433,0
GPU,954,2.387,0
GPU,955,2.6881,0
GPU,956,3.0373,0
GPU,957,2.85,0
GPU,958,2.5164,0
GPU,959,2.2368,0
GPU,960,3.0041,0
GPU,961,2.251,0
GPU,962,2.2197,0
GPU,963,2.1752,0
GPU,964,2.3606,0
GPU,965,2.3914,0
GPU,966,2.9689,0
GPU,967,2.4391,0
GPU,968,3.2068,0
GPU,969,2.5228,0
GPU,970,2.9046,0
GPU,971,3.4995,0
GPU,972,3.3159,0
GPU,973,3.0532,0
GPU,974,2.6891,0
GPU,975,3.116,0
GPU,976,3.0733,0
GPU,977,2.5171,0
GPU,978,2.9868,0
GPU,979,3.2404,0
GPU,980,3.3828,0
GPU,981,3.1553,0
GPU,982,3.819,0
GPU,983,5.1379,0
GPU,984,2.5702,0
GPU,985,2.3677,0
GPU,986,3.0455,0
GPU,987,2.5234,0
GPU,988,3.1218,0
GPU,989,2.6145,0
GPU,990,2.5413,0
GPU,991,3.3244,0
GPU,992,2.514,0
GPU,993,3.0123,0
GPU,994,3.1685,0
GPU,995,3.2772,0
GPU,996,3.4282,0
GPU,997,3.4958,0
GPU,998,3.3559,0
GPU,999,2.5316,0
GPU,1000,3.0671,0
GPU,1001,2.3108,0
GPU,1002,3.4203,0
GPU,1003,2.6095,0
GPU,1004,2.5511,0
GPU,1005,2.6267,0
GPU,1006,3.2679,0
GPU,1007,3.2218,0
GPU,1008,2.9773,0
GPU,1009,2.4871,0
GPU,1010,3.2898,0
GPU,1011,2.5779,0
GPU,1012,2.5018,0
GPU,1013,3.0119,0
GPU,1014,2.5811,0
GPU,1015,2.7513,0
GPU,1016,3.056,0
GPU,1017,2.4206,0
GPU,1018,2.9964,0
GPU,1019,2.4434,0
GPU,1020,2.3283,0
GPU,1021,2.3786,0
GPU,1022,2.4124,0
GPU,1023,2.5141,0
GPU,1024,3.1337,0
GPU,1025,2.5053,0
GPU,1026,3.2318,0
GPU,1027,2.4863,0
GPU,1028,2.6629,0
GPU,1029,3.031,0
GPU,1030,3.5829,0
GPU,1031,3.1857,0
GPU,1032,2.6221,0
GPU,1033,2.4523,0
GPU,1034,3.1914,0
GPU,1035,2.5742,0
GPU,1036,2.8431,0
GPU,1037,2.5912,0
GPU,1038,2.3281,0
GPU,1039,2.6973,0
GPU,1040,2.8892,0
GPU,1041,3.2869,0
GPU,1042,2.9323,0
GPU,1043,3.2851,0
GPU,1044,3.4131,0
GPU,1045,2.8616,0
GPU,1046,2.8924,0
GPU,1047,2.8922,0
GPU,1048,2.7276,0
GPU,1049,2.5733,0
GPU,1050,3.1597,0
GPU,1051,2.8382,0
GPU,1052,2.528,0
GPU,1053,2.5118,0
GPU,1054,2.6847,0
GPU,1055,2.7387,0
GPU,1056,2.9777,0
GPU,1057,3.4478,0
GPU,1058,3.0612,0
GPU,1059,2.8014,0
GPU,1060,2.9953,0
GPU,1061,2.8727,0
GPU,1062,3.4998,0
GPU,1063,4.4054,0
GPU,1064,2.9315,0
GPU,1065,2.8821,0
GPU,1066,3.8041,0
GPU,1067,2.6637,0
GPU,1068,3.4159,0
GPU,1069,3.0065,0
GPU,1070,2.6214,0
GPU,1071,2.5496,0
GPU,1072,3.2898,0
GPU,1073,2.9221,0
GPU,1074,2.4646,0
GPU,1075,2.6671,0
GPU,1076,2.5713,0
GPU,1077,2.7375,0
GPU,1078,2.4697,0
GPU,1079,2.5805,0
GPU,1080,3.2722,0
GPU,1081,2.6921,0
GPU,1082,2.6544,0
GPU,1083,2.4487,0
GPU,1084,3.2009,0
GPU,1085,2.7645,0
GPU,1086,2.5354,0
GPU,1087,2.4239,0
GPU,1088,3.0977,0
GPU,1089,3.2726,0
GPU,1090,2.493,0
GPU,1091,2.4248,0
GPU,1092,3.2651,0
GPU,1093,3.0004,0
GPU,1094,3.6443,0
GPU,1095,2.6958,0
GPU,1096,2.6811,0
GPU,1097,4.5102,0
GPU,1098,4.4541,0
GPU,1099,3.4235,0
GPU,1100,3.512,0
GPU,1101,2.6522,0
GPU,1102,3.3457,0
GPU,1103,2.8271,0
GPU,1104,2.6709,0
GPU,1105,2.5632,0
GPU,1106,3.3883,0
GPU,1107,4.1852,0
GPU,1108,3.6486,0
GPU,1109,2.6936,0
GPU,1110,3.4087,0
GPU,1111,3.0334,0
GPU,1112,2.7504,0
GPU,1113,3.5427,0
GPU,1114,2.4632,0
GPU,1115,3.3375,0
GPU,1116,3.394,0
GPU,1117,3.497,0
GPU,1118,2.9207,0
GPU,1119,3.3206,0
GPU,1120,3.306,0
GPU,1121,3.3182,0
GPU,1122,2.9123,0
GPU,1123,3.2965,0
GPU,1124,3.3879,0
GPU,1125,2.6278,0
GPU,1126,2.7344,0
GPU,1127,3.6464,0
GPU,1128,2.4702,0
GPU,1129,3.377,0
GPU,1130,2.5194,0
GPU,1131,3.1415,0
GPU,1132,3.479,0
GPU,1133,2.9559,0
GPU,1134,2.569,0
GPU,1135,2.988,0
GPU,1136,2.8138,0
GPU,1137,2.6003,0
GPU,1138,2.6278,0
GPU,1139,2.9241,0
GPU,1140,2.7508,0
GPU,1141,2.6974,0
GPU,1142,2.6704,0
GPU,1143,2.7144,0
GPU,1144,3.0099,0
GPU,1145,2.6733,0
GPU,1146,3.2692,0
GPU,1147,3.1987,0
GPU,1148,3.152,0
GPU,1149,3.5596,0
GPU,1150,2.5144,0
GPU,1151,2.6572,0
GPU,1152,2.7162,0
GPU,1153,2.8127,0
GPU,1154,2.9442,0
GPU,1155,2.6841,0
GPU,1156,2.7389,0
GPU,1157,3.2122,0
GPU,1158,2.9616,0
GPU,1159,2.6998,0
GPU,1160,3.1138,0
GPU,1161,2.9795,0
GPU,1162,2.5809,0
GPU,1163,2.5383,0
GPU,1164,3.2471,0
GPU,1165,2.6506,0
GPU,1166,2.6321,0
GPU,1167,2.7015,0
GPU,1168,2.749,0
GPU,1169,2.518,0
GPU,1170,2.7284,0
GPU,1171,2.9768,0
GPU,1172,2.7268,0
GPU,1173,2.8196,0
GPU,1174,2.8648,0
GPU,1175,2.5559,0
GPU,1176,2.7037,0
GPU,1177,2.6679,0
GPU,1178,2.5961,0
GPU,1179,2.5301,0
GPU,1180,2.8219,0
GPU,1181,3.283,0
GPU,1182,2.7436,0
GPU,1183,2.6509,0
GPU,1184,3.4513,0
GPU,1185,2.4499,0
GPU,1186,2.6722,0
GPU,1187,2.5641,0
GPU,1188,2.6878,0
GPU,1189,2.604,0
GPU,1190,2.5839,0
GPU,1191,2.5249,0
GPU,1192,2.5276,0
GPU,1193,3.7276,0
GPU,1194,3.0049,0
GPU,1195,3.1057,0
GPU,1196,2.8917,0
GPU,1197,2.6265,0
GPU,1198,2.6876,0
GPU,1199,2.8951,0
GPU,1200,2.6073,0
GPU,1201,3.2723,0
GPU,1202,3.5236,0
GPU,1203,2.7977,0
GPU,1204,2.943,0
GPU,1205,2.5108,0
GPU,1206,2.5295,0
GPU,1207,2.7258,0
GPU,1208,2.8326,0
GPU,1209,4.3119,0
GPU,1210,3.4269,0
GPU,1211,2.4992,0
GPU,1212,2.3801,0
GPU,1213,2.3021,0
GPU,1214,2.6968,0
GPU,1215,2.3517,0
GPU,1216,2.407,0
GPU,1217,2.3375,0
GPU,1218,2.3789,0
GPU,1219,3.0382,0
GPU,1220,2.3177,0
GPU,1221,2.4001,0
GPU,1222,2.3835,0
GPU,1223,2.6113,0
GPU,1224,2.327,0
GPU,1225,2.341,0
GPU,1226,2.4335,0
GPU,1227,2.4677,0
GPU,1228,2.3193,0
GPU,1229,2.617,0
GPU,1230,2.6755,0
GPU,1231,2.422,0
GPU,1232,2.2487,0
GPU,1233,2.3486,0
GPU,1234,2.473,0
GPU,1235,2.2994,0
GPU,1236,2.43,0
GPU,1237,2.4419,0
GPU,1238,2.3236,0
GPU,1239,2.2873,0
GPU,1240,2.9634,0
GPU,1241,2.3231,0
GPU,1242,2.258,0
GPU,1243,2.2493,0
GPU,1244,2.2532,0
GPU,1245,2.2816,0
GPU,1246,2.279,0
GPU,1247,2.2514,0
GPU,1248,2.3466,0
GPU,1249,3.0117,0
GPU,1250,2.3648,0
GPU,1251,2.2869,0
GPU,1252,2.3589,0
GPU,1253,2.3222,0
GPU,1254,3.0658,0
GPU,1255,2.3305,0
GPU,1256,2.3912,0
GPU,1257,2.4668,0
GPU,1258,2.4501,0
GPU,1259,2.537,0
GPU,1260,2.3667,0
GPU,1261,2.3484,0
GPU,1262,2.4216,0
GPU,1263,2.4905,0
GPU,1264,2.5361,0
GPU,1265,2.4709,0
GPU,1266,2.2851,0
GPU,1267,2.5639,0
GPU,1268,2.3583,0
GPU,1269,3.2445,0
GPU,1270,2.6193,0
GPU,1271,2.4263,0
GPU,1272,2.5527,0
GPU,1273,3.0861,0
GPU,1274,2.4671,0
GPU,1275,2.491,0
GPU,1276,2.704,0
GPU,1277,2.7647,0
GPU,1278,2.4577,0
GPU,1279,2.4292,0
GPU,1280,3.1976,0
GPU,1281,2.4757,0
GPU,1282,2.4345,0
GPU,1283,2.4125,0
GPU,1284,2.7097,0
GPU,1285,2.6026,0
GPU,1286,2.5332,0
GPU,1287,2.4884,0
GPU,1288,2.3974,0
GPU,1289,3.2555,0
GPU,1290,2.3455,0
GPU,1291,2.6102,0
GPU,1292,2.4278,0
GPU,1293,2.4205,0
GPU,1294,2.5875,0
GPU,1295,2.3242,0
GPU,1296,2.3547,0
GPU,1297,2.6912,0
GPU,1298,2.4986,0
GPU,1299,2.4524,0
GPU,1300,2.476,0
GPU,1301,2.4518,0
GPU,1302,2.3303,0
GPU,1303,2.2555,0
GPU,1304,2.3773,0
GPU,1305,2.3678,0
GPU,1306,2.4411,0
GPU,1307,2.8557,0
GPU,1308,3.8057,0
GPU,1309,2.8584,0
GPU,1310,2.6345,0
GPU,1311,2.4031,0
GPU,1312,2.4771,0
GPU,1313,2.5418,0
GPU,1314,2.4988,0
GPU,1315,2.3489,0
GPU,1316,2.4098,0
GPU,1317,2.5157,0
GPU,1318,2.5471,0
GPU,1319,2.4438,0
GPU,1320,2.4338,0
GPU,1321,2.6616,0
GPU,1322,2.5451,0
GPU,1323,2.4027,0
GPU,1324,2.5175,0
GPU,1325,2.6134,0
GPU,1326,2.2993,0
GPU,1327,2.3953,0
GPU,1328,2.6058,0
GPU,1329,2.3947,0
GPU,1330,2.314,0
GPU,1331,2.3929,0
GPU,1332,2.609,0
GPU,1333,2.4874,0
GPU,1334,2.2459,0
GPU,1335,2.3718,0
GPU,1336,2.7385,0
GPU,1337,2.3581,0
GPU,1338,2.2982,0
GPU,1339,2.37,0
GPU,1340,2.2983,0
GPU,1341,2.903,0
GPU,1342,2.448,0
GPU,1343,2.4012,0
GPU,1344,2.372,0
GPU,1345,2.3498,0
GPU,1346,2.5481,0
GPU,1347,2.3934,0
GPU,1348,2.3227,0
GPU,1349,2.2912,0
GPU,1350,2.6194,0
GPU,1351,2.3719,0
GPU,1352,2.2704,0
GPU,1353,2.403,0
GPU,1354,2.2639,0
GPU,1355,2.2889,0
GPU,1356,2.2277,0
GPU,1357,2.2951,0
GPU,1358,2.935,0
GPU,1359,2.2031,0
GPU,1360,2.3288,0
GPU,1361,2.2983,0
GPU,1362,2.4772,0
GPU,1363,2.2629,0
GPU,1364,2.4997,0
GPU,1365,2.4575,0
GPU,1366,2.3813,0
GPU,1367,2.2747,0
GPU,1368,2.3253,0
GPU,1369,2.6938,0
GPU,1370,2.3497,0
GPU,1371,2.3216,0
GPU,1372,2.35,0
GPU,1373,2.5898,0
GPU,1374,2.3046,0
GPU,1375,2.3105,0
GPU,1376,2.9408,0
GPU,1377,2.3629,0
GPU,1378,2.2895,0
GPU,1379,2.2247,0
GPU,1380,2.5237,0
GPU,1381,2.5216,0
GPU,1382,2.448,0
GPU,1383,2.2245,0
GPU,1384,2.1374,0
GPU,1385,2.2796,0
GPU,1386,2.241,0
GPU,1387,2.4062,0
GPU,1388,2.2164,0
GPU,1389,2.2434,0
GPU,1390,3.0514,0
GPU,1391,2.3012,0
GPU,1392,2.4276,0
GPU,1393,2.4605,0
GPU,1394,3.0353,0
GPU,1395,2.329,0
GPU,1396,2.3209,0
GPU,1397,2.4527,0
GPU,1398,2.2733,0
GPU,1399,2.357,0
GPU,1400,2.2725,0
GPU,1401,2.3747,0
GPU,1402,2.2614,0
GPU,1403,2.429,0
GPU,1404,2.324,0
GPU,1405,2.2502,0
GPU,1406,2.2377,0
GPU,1407,2.3383,0
GPU,1408,2.4107,0
GPU,1409,2.4178,0
GPU,1410,2.9443,0
GPU,1411,2.4183,0
GPU,1412,2.4874,0
GPU,1413,2.4744,0
GPU,1414,3.2973,0
GPU,1415,2.9641,0
GPU,1416,2.418,0
GPU,1417,2.3468,0
GPU,1418,2.5637,0
GPU,1419,2.5279,0
GPU,1420,2.5188,0
GPU,1421,2.661,0
GPU,1422,2.3386,0
GPU,1423,2.3469,0
GPU,1424,2.3542,0
GPU,1425,2.2634,0
GPU,1426,3.3656,0
GPU,1427,2.675,0
GPU,1428,2.7761,0
GPU,1429,3.6488,0
GPU,1430,3.6303,0
GPU,1431,3.1262,0
GPU,1432,3.9068,0
GPU,1433,3.8192,0
GPU,1434,2.5861,0
GPU,1435,2.8222,0
GPU,1436,2.5413,0
GPU,1437,2.9086,0
GPU,1438,3.528,0
GPU,1439,2.6447,0
GPU,1440,2.6292,0
GPU,1441,2.517,0
GPU,1442,3.5066,0
GPU,1443,3.3187,0
GPU,1444,3.4752,0
GPU,1445,2.8376,0
GPU,1446,2.6815,0
GPU,1447,2.6511,0
GPU,1448,3.0397,0
GPU,1449,2.562,0
GPU,1450,2.5428,0
GPU,1451,2.5846,0
GPU,1452,2.7427,0
GPU,1453,2.5766,0
GPU,1454,2.6807,0
GPU,1455,2.8043,0
GPU,1456,2.7772,0
GPU,1457,2.7442,0
GPU,1458,3.5057,0
GPU,1459,2.8632,0
GPU,1460,3.5793,0
GPU,1461,2.7831,0
GPU,1462,3.0006,0
GPU,1463,3.2156,0
GPU,1464,2.8677,0
GPU,1465,2.8543,0
GPU,1466,2.7435,0
GPU,1467,2.7747,0
GPU,1468,2.7023,0
GPU,1469,2.8877,0
GPU,1470,8.2292,0
GPU,1471,2.6351,0
GPU,1472,2.7897,0
GPU,1473,2.6402,0
GPU,1474,3.2828,0
GPU,1475,2.8031,0
GPU,1476,2.8865,0
GPU,1477,3.2513,0
GPU,1478,2.771,0
GPU,1479,2.9732,0
GPU,1480,3.1129,0
GPU,1481,2.5949,0
GPU,1482,2.9318,0
GPU,1483,2.864,0
GPU,1484,3.4324,0
GPU,1485,2.6121,0
GPU,1486,3.3701,0
GPU,1487,2.6583,0
GPU,1488,2.5491,0
GPU,1489,2.4688,0
GPU,1490,2.4085,0
GPU,1491,2.4328,0
GPU,1492,2.7918,0
GPU,1493,3.1904,0
GPU,1494,2.4797,0
GPU,1495,2.6339,0
GPU,1496,2.7648,0
GPU,1497,3.4139,0
GPU,1498,3.2506,0
GPU,1499,2.5537,0
GPU,1500,2.9598,0
GPU,1501,2.5978,0
GPU,1502,3.2835,0
GPU,1503,2.5631,0
GPU,1504,2.4831,0
GPU,1505,2.4367,0
GPU,1506,2.7686,0
GPU,1507,2.6396,0
GPU,1508,2.3648,0
GPU,1509,2.4178,0
GPU,1510,2.4963,0
GPU,1511,3.1195,0
GPU,1512,2.4499,0
GPU,1513,2.3863,0
GPU,1514,2.6459,0
GPU,1515,2.542,0
GPU,1516,2.4205,0
GPU,1517,2.4189,0
GPU,1518,3.1368,0
GPU,1519,2.6323,0
GPU,1520,2.5654,0
GPU,1521,3.1746,0
GPU,1522,3.355,0
GPU,1523,3.4086,0
GPU,1524,3.3863,0
GPU,1525,4.0812,0
GPU,1526,3.4334,0
GPU,1527,3.4108,0
GPU,1528,3.916,0
GPU,1529,3.2852,0
GPU,1530,3.4499,0
GPU,1531,3.2435,0
GPU,1532,3.7522,0
GPU,1533,3.6512,0
GPU,1534,3.4658,0
GPU,1535,3.4258,0
GPU,1536,3.9514,0
GPU,1537,3.7893,0
GPU,1538,3.2269,0
GPU,1539,3.1879,0
GPU,1540,3.2084,0
GPU,1541,3.2955,0
GPU,1542,3.4971,0
GPU,1543,3.4008,0
GPU,1544,3.302,0
GPU,1545,3.2362,0
GPU,1546,3.5423,0
GPU,1547,3.3064,0
GPU,1548,3.0443,0
GPU,1549,3.2192,0
GPU,1550,3.8787,0
GPU,1551,3.3034,0
GPU,1552,3.4126,0
GPU,1553,3.3573,0
GPU,1554,3.7809,0
GPU,1555,3.8301,0
GPU,1556,3.0793,0
GPU,1557,3.0302,0
GPU,1558,3.6167,0
GPU,1559,3.2934,0
GPU,1560,3.1475,0
GPU,1561,3.1102,0
GPU,1562,3.921,0
GPU,1563,3.4347,0
GPU,1564,2.4133,0
GPU,1565,2.2932,0
GPU,1566,2.5717,0
GPU,1567,2.351,0
GPU,1568,2.4217,0
GPU,1569,2.4234,0
GPU,1570,2.4256,0
GPU,1571,2.4813,0
GPU,1572,2.398,0
GPU,1573,2.2284,0
GPU,1574,2.4811,0
GPU,1575,2.2677,0
GPU,1576,2.4103,0
GPU,1577,3.0877,0
GPU,1578,2.8624,0
GPU,1579,2.4195,0
GPU,1580,2.4611,0
GPU,1581,2.4495,0
GPU,1582,2.2933,0
GPU,1583,2.2791,0
GPU,1584,2.3461,0
GPU,1585,2.3214,0
GPU,1586,2.4067,0
GPU,1587,2.3461,0
GPU,1588,2.2844,0
GPU,1589,2.396,0
GPU,1590,2.9611,0
GPU,1591,2.3382,0
GPU,1592,2.3202,0
GPU,1593,2.3362,0
GPU,1594,3.1328,0
GPU,1595,2.4109,0
GPU,1596,2.4173,0
GPU,1597,2.5693,0
GPU,1598,2.5085,0
GPU,1599,2.3901,0
GPU,1600,2.5418,0
GPU,1601,2.4367,0
GPU,1602,2.4475,0
GPU,1603,2.4166,0
GPU,1604,2.394,0
GPU,1605,2.4839,0
GPU,1606,2.4622,0
GPU,1607,3.0174,0
GPU,1608,2.4503,0
GPU,1609,2.5776,0
GPU,1610,2.4811,0
GPU,1611,2.6505,0
GPU,1612,2.9622,0
GPU,1613,2.5259,0
GPU,1614,2.4772,0
GPU,1615,2.4057,0
GPU,1616,2.6129,0
GPU,1617,2.4568,0
GPU,1618,2.4828,0
GPU,1619,2.5823,0
GPU,1620,2.5428,0
GPU,1621,2.3542,0
GPU,1622,2.3717,0
GPU,1623,2.4591,0
GPU,1624,2.636,0
GPU,1625,2.4679,0
GPU,1626,3.114,0
GPU,1627,2.5423,0
GPU,1628,2.4862,0
GPU,1629,2.4508,0
GPU,1630,3.1281,0
GPU,1631,2.5906,0
GPU,1632,2.4843,0
GPU,1633,2.4939,0
GPU,1634,2.3916,0
GPU,1635,2.5198,0
GPU,1636,2.428,0
GPU,1637,2.3885,0
GPU,1638,2.4608,0
GPU,1639,2.4058,0
GPU,1640,2.443,0
GPU,1641,2.331,0
GPU,1642,3.1329,0
GPU,1643,2.5395,0
GPU,1644,2.552,0
GPU,1645,2.7005,0
GPU,1646,3.1129,0
GPU,1647,3.0789,0
GPU,1648,2.9419,0
GPU,1649,2.5627,0
GPU,1650,3.5836,0
GPU,1651,2.5802,0
GPU,1652,2.6907,0
GPU,1653,3.6313,0
GPU,1654,3.4721,0
GPU,1655,3.7686,0
GPU,1656,2.6891,0
GPU,1657,2.6569,0
GPU,1658,2.7478,0
GPU,1659,2.8757,0
GPU,1660,2.9941,0
GPU,1661,2.646,0
GPU,1662,2.5869,0
GPU,1663,2.7004,0
GPU,1664,2.6906,0
GPU,1665,2.6304,0
GPU,1666,2.6122,0
GPU,1667,2.9536,0
GPU,1668,2.6715,0
GPU,1669,2.6034,0
GPU,1670,3.2908,0
GPU,1671,2.7098,0
GPU,1672,2.7856,0
GPU,1673,2.7217,0
GPU,1674,2.7033,0
GPU,1675,3.446,0
GPU,1676,2.7776,0
GPU,1677,2.7763,0
GPU,1678,2.9284,0
GPU,1679,4.0214,0
GPU,1680,3.2529,0
GPU,1681,2.8521,0
GPU,1682,2.8098,0
GPU,1683,2.7367,0
GPU,1684,2.7689,0
GPU,1685,2.7412,0
GPU,1686,2.6954,0
GPU,1687,2.7621,0
GPU,1688,2.7257,0
GPU,1689,3.4481,0
GPU,1690,2.6622,0
GPU,1691,3.0552,0
GPU,1692,2.6982,0
GPU,1693,2.5731,0
GPU,1694,2.7648,0
GPU,1695,2.7496,0
GPU,1696,2.6954,0
GPU,1697,2.5305,0
GPU,1698,2.6319,0
GPU,1699,2.6603,0
GPU,1700,2.6615,0
GPU,1701,2.4685,0
GPU,1702,2.6317,0
GPU,1703,3.2187,0
GPU,1704,2.56,0
GPU,1705,2.5856,0
GPU,1706,3.3282,0
GPU,1707,3.134,0
GPU,1708,2.7597,0
GPU,1709,3.2129,0
GPU,1710,2.6675,0
GPU,1711,3.0479,0
GPU,1712,2.6009,0
GPU,1713,3.2552,0
GPU,1714,2.4966,0
GPU,1715,3.6655,0
GPU,1716,5.8822,0
GPU,1717,2.7859,0
GPU,1718,3.7667,0
GPU,1719,2.5462,0
GPU,1720,2.5403,0
GPU,1721,2.6723,0
GPU,1722,2.6408,0
GPU,1723,2.6064,0
GPU,1724,3.6264,0
GPU,1725,2.8985,0
GPU,1726,2.5643,0
GPU,1727,2.8446,0
GPU,1728,3.2119,0
GPU,1729,2.6018,0
GPU,1730,3.5714,0
GPU,1731,2.7387,0
GPU,1732,2.5599,0
GPU,1733,2.5191,0
GPU,1734,2.6445,0
GPU,1735,2.7587,0
GPU,1736,2.6925,0
GPU,1737,3.5087,0
GPU,1738,2.9812,0
GPU,1739,3.5802,0
GPU,1740,3.7612,0
GPU,1741,2.7131,0
GPU,1742,2.6019,0
GPU,1743,2.6349,0
GPU,1744,2.5856,0
GPU,1745,3.0037,0
GPU,1746,2.7583,0
GPU,1747,2.7612,0
GPU,1748,3.5257,0
GPU,1749,3.5467,0
GPU,1750,3.0405,0
GPU,1751,3.2913,0
GPU,1752,3.9284,0
GPU,1753,4.2272,0
GPU,1754,2.7075,0
GPU,1755,2.9956,0
GPU,1756,3.1307,0
GPU,1757,2.7106,0
GPU,1758,3.0325,0
GPU,1759,2.698,0
GPU,1760,3.4829,0
GPU,1761,3.5223,0
GPU,1762,2.6068,0
GPU,1763,2.5267,0
GPU,1764,3.1388,0
GPU,1765,3.2544,0
GPU,1766,2.7112,0
GPU,1767,2.5441,0
GPU,1768,2.5496,0
GPU,1769,2.8236,0
GPU,1770,2.7462,0
GPU,1771,2.5379,0
GPU,1772,2.7391,0
GPU,1773,2.7816,0
GPU,1774,2.6447,0
GPU,1775,2.7879,0
GPU,1776,2.6594,0
GPU,1777,2.6362,0
GPU,1778,2.4714,0
GPU,1779,2.522,0
GPU,1780,3.1698,0
GPU,1781,2.4775,0
GPU,1782,2.5089,0
GPU,1783,3.113,0
GPU,1784,2.7041,0
GPU,1785,2.7169,0
GPU,1786,2.6668,0
GPU,1787,2.5156,0
GPU,1788,2.6159,0
GPU,1789,2.5463,0
GPU,1790,2.4025,0
GPU,1791,2.5822,0
GPU,1792,2.3952,0
GPU,1793,2.4717,0
GPU,1794,2.4452,0
GPU,1795,2.4902,0
GPU,1796,2.8482,0
GPU,1797,2.6929,0
GPU,1798,2.503,0
GPU,1799,2.6464,0
GPU,1800,2.4433,0
GPU,1801,2.4807,0
GPU,1802,2.4054,0
GPU,1803,2.4048,0
GPU,1804,2.4551,0
GPU,1805,2.5361,0
GPU,1806,2.3392,0
GPU,1807,2.94,0
GPU,1808,3.0156,0
GPU,1809,2.4141,0
GPU,1810,2.4314,0
GPU,1811,2.386,0
GPU,1812,2.4316,0
GPU,1813,2.4473,0
GPU,1814,2.5003,0
GPU,1815,2.3401,0
GPU,1816,2.3551,0
GPU,1817,2.5404,0
GPU,1818,2.6719,0
GPU,1819,2.2571,0
GPU,1820,2.3331,0
GPU,1821,2.3217,0
GPU,1822,2.7477,0
GPU,1823,2.2565,0
GPU,1824,2.9664,0
GPU,1825,2.3503,0
GPU,1826,2.3532,0
GPU,1827,2.3952,0
GPU,1828,2.3628,0
GPU,1829,2.3682,0
GPU,1830,2.441,0
GPU,1831,2.3477,0
GPU,1832,2.2796,0
GPU,1833,2.4993,0
GPU,1834,2.5262,0
GPU,1835,2.823,0
GPU,1836,2.4629,0
GPU,1837,2.3379,0
GPU,1838,2.419,0
GPU,1839,2.439,0
GPU,1840,2.4311,0
GPU,1841,2.7717,0
GPU,1842,2.3418,0
GPU,1843,2.3725,0
GPU,1844,2.635,0
GPU,1845,2.2748,0
GPU,1846,2.3871,0
GPU,1847,2.2829,0
GPU,1848,2.4068,0
GPU,1849,2.3732,0
GPU,1850,2.3939,0
GPU,1851,2.4985,0
GPU,1852,2.668,0
GPU,1853,2.3463,0
GPU,1854,2.3251,0
GPU,1855,2.3929,0
GPU,1856,2.5354,0
GPU,1857,2.4649,0
GPU,1858,2.3425,0
GPU,1859,3.3123,0
GPU,1860,2.622,0
GPU,1861,2.5272,0
GPU,1862,2.4217,0
GPU,1863,2.4945,0
GPU,1864,2.4022,0
GPU,1865,2.5431,0
GPU,1866,2.3276,0
GPU,1867,2.645,0
GPU,1868,2.9355,0
GPU,1869,2.5156,0
GPU,1870,2.451,0
GPU,1871,2.6395,0
GPU,1872,3.3416,0
GPU,1873,3.1477,0
GPU,1874,2.6534,0
GPU,1875,2.5367,0
GPU,1876,2.3817,0
GPU,1877,2.4385,0
GPU,1878,2.9142,0
GPU,1879,2.4595,0
GPU,1880,2.6634,0
GPU,1881,2.37,0
GPU,1882,2.4997,0
GPU,1883,2.4383,0
GPU,1884,2.5405,0
GPU,1885,2.4632,0
GPU,1886,2.5864,0
GPU,1887,2.3337,0
GPU,1888,3.0639,0
GPU,1889,2.405,0
GPU,1890,2.5872,0
GPU,1891,2.4045,0
GPU,1892,2.3282,0
GPU,1893,2.4224,0
GPU,1894,2.4653,0
GPU,1895,2.4878,0
GPU,1896,2.4237,0
GPU,1897,2.3491,0
GPU,1898,3.1709,0
GPU,1899,2.3996,0
GPU,1900,2.4032,0
GPU,1901,2.3478,0
GPU,1902,2.4815,0
GPU,1903,2.4199,0
GPU,1904,2.4555,0
GPU,1905,2.3526,0
GPU,1906,2.3927,0
GPU,1907,2.6729,0
GPU,1908,2.2328,0
GPU,1909,2.3809,0
GPU,1910,2.4927,0
GPU,1911,3.0032,0
GPU,1912,2.3924,0
GPU,1913,2.5956,0
GPU,1914,2.3898,0
GPU,1915,3.0399,0
GPU,1916,2.3828,0
GPU,1917,2.4033,0
GPU,1918,2.4291,0
GPU,1919,3.0798,0
GPU,1920,2.6859,0
GPU,1921,2.5455,0
GPU,1922,2.4025,0
GPU,1923,2.7338,0
GPU,1924,2.7204,0
GPU,1925,2.4906,0
GPU,1926,2.455,0
GPU,1927,2.3565,0
GPU,1928,2.4092,0
GPU,1929,2.4471,0
GPU,1930,2.3851,0
GPU,1931,3.0806,0
GPU,1932,2.6132,0
GPU,1933,2.3847,0
GPU,1934,2.353,0
GPU,1935,2.4643,0
GPU,1936,2.3757,0
GPU,1937,2.3738,0
GPU,1938,2.3807,0
GPU,1939,2.4182,0
GPU,1940,2.3529,0
GPU,1941,2.3008,0
GPU,1942,2.4149,0
GPU,1943,2.5614,0
GPU,1944,2.5123,0
GPU,1945,2.5466,0
GPU,1946,2.7761,0
GPU,1947,2.5363,0
GPU,1948,2.4679,0
GPU,1949,2.6533,0
GPU,1950,2.6672,0
GPU,1951,2.4385,0
GPU,1952,2.4976,0
GPU,1953,2.4482,0
GPU,1954,2.5801,0
GPU,1955,2.482,0
GPU,1956,2.8102,0
GPU,1957,2.4375,0
GPU,1958,2.4939,0
GPU,1959,2.3828,0
GPU,1960,3.0462,0
GPU,1961,2.7224,0
GPU,1962,2.5125,0
GPU,1963,3.4271,0
GPU,1964,4.4728,0
GPU,1965,3.4204,0
GPU,1966,3.2767,0
GPU,1967,3.4401,0
GPU,1968,3.4639,0
GPU,1969,5.4952,0
GPU,1970,3.3116,0
GPU,1971,3.4323,0
GPU,1972,3.9991,0
GPU,1973,3.171,0
GPU,1974,3.222,0
GPU,1975,3.0954,0
GPU,1976,3.8332,0
GPU,1977,3.1929,0
GPU,1978,3.0467,0
GPU,1979,3.1783,0
GPU,1980,3.2382,0
GPU,1981,3.6923,0
GPU,1982,3.1554,0
GPU,1983,3.07,0
GPU,1984,3.5987,0
GPU,1985,3.4204,0
GPU,1986,3.3058,0
GPU,1987,3.1315,0
GPU,1988,3.5413,0
GPU,1989,3.3961,0
GPU,1990,3.1771,0
GPU,1991,3.2745,0
GPU,1992,3.2231,0
GPU,1993,3.1136,0
GPU,1994,3.2274,0
GPU,1995,3.1348,0
GPU,1996,3.1061,0
GPU,1997,3.1168,0
GPU,1998,3.8013,0
GPU,1999,3.1602,0
GPU,2000,3.1535,0
GPU,2001,3.1732,0
GPU,2002,3.7007,0
GPU,2003,3.0347,0
GPU,2004,2.4906,0
GPU,2005,2.2265,0
GPU,2006,3.0144,0
GPU,2007,2.2261,0
GPU,2008,2.2801,0
GPU,2009,2.3966,0
GPU,2010,2.2374,0
GPU,2011,2.2625,0
GPU,2012,2.8058,0
GPU,2013,2.3659,0
GPU,2014,2.373,0
GPU,2015,2.2709,0
GPU,2016,2.2424,0
GPU,2017,2.2042,0
GPU,2018,2.4477,0
GPU,2019,2.2841,0
GPU,2020,2.2984,0
GPU,2021,2.8262,0
GPU,2022,3.1602,0
GPU,2023,2.3734,0
GPU,2024,2.365,0
GPU,2025,2.8681,0
GPU,2026,2.6906,0
GPU,2027,2.6146,0
GPU,2028,2.6138,0
GPU,2029,2.5971,0
GPU,2030,2.6256,0
GPU,2031,2.7616,0
GPU,2032,2.7425,0
GPU,2033,3.2324,0
GPU,2034,3.321,0
GPU,2035,2.9106,0
GPU,2036,2.4205,0
GPU,2037,2.6678,0
GPU,2038,3.3328,0
GPU,2039,2.5913,0
GPU,2040,2.6414,0
GPU,2041,2.6497,0
GPU,2042,3.5508,0
GPU,2043,3.0984,0
GPU,2044,3.4495,0
GPU,2045,2.9062,0
GPU,2046,2.8448,0
GPU,2047,2.7771,0
GPU,2048,3.6458,0
GPU,2049,2.7504,0
GPU,2050,2.5646,0
GPU,2051,2.6169,0
GPU,2052,3.1679,0
GPU,2053,2.5536,0
GPU,2054,2.7215,0
GPU,2055,3.5415,0
GPU,2056,2.6577,0
GPU,2057,2.9454,0
GPU,2058,3.3707,0
GPU,2059,2.6483,0
GPU,2060,2.6166,0
GPU,2061,3.2417,0
GPU,2062,2.637,0
GPU,2063,3.3501,0
GPU,2064,2.8652,0
GPU,2065,2.5175,0
GPU,2066,2.5716,0
GPU,2067,2.6054,0
GPU,2068,2.7496,0
GPU,2069,2.6913,0
GPU,2070,2.6492,0
GPU,2071,3.7916,0
GPU,2072,2.8337,0
GPU,2073,2.575,0
GPU,2074,3.5611,0
GPU,1,230.703,1
GPU,2,7.613,0
GPU,3,2.1304,0
GPU,4,2.2176,0
GPU,5,2.7584,0
GPU,6,2.9191,0
GPU,7,3.031,0
GPU,8,2.2681,0
GPU,9,3.2626,0
GPU,10,3.4719,0
GPU,11,2.6185,0
GPU,12,2.6767,0
GPU,13,2.5725,0
GPU,14,2.7854,0
GPU,15,2.8166,0
GPU,16,4.3745,0
GPU,17,2.8544,0
GPU,18,3.1833,0
GPU,19,2.6298,0
GPU,20,3.7707,0
GPU,21,2.911,0
GPU,22,3.3252,0
GPU,23,3.0138,0
GPU,24,2.8562,0
GPU,25,2.7466,0
GPU,26,2.7239,0
GPU,27,2.7802,0
GPU,28,3.1795,0
GPU,29,2.5915,0
GPU,30,2.7241,0
GPU,31,2.7341,0
GPU,32,3.2077,0
GPU,33,2.7674,0
GPU,34,3.4267,0
GPU,35,4.2185,0
GPU,36,3.3965,0
GPU,37,3.667,0
GPU,38,3.2324,0
GPU,39,3.1001,0
GPU,40,2.6537,0
GPU,41,3.0582,0
GPU,42,3.0708,0
GPU,43,3.7754,0
GPU,44,3.6453,0
GPU,45,2.7183,0
GPU,46,3.5027,0
GPU,47,3.4202,0
GPU,48,3.8481,0
GPU,49,3.0827,0
GPU,50,2.885,0
GPU,51,3.1152,0
GPU,52,3.6838,0
GPU,53,3.6773,0
GPU,54,3.6096,0
GPU,55,3.0219,0
GPU,56,2.7679,0
GPU,57,3.3657,0
GPU,58,3.9656,0
GPU,59,3.173,0
GPU,60,3.1674,0
GPU,61,3.29,0
GPU,62,3.6865,0
GPU,63,3.8524,0
GPU,64,3.4612,0
GPU,65,3.9272,0
GPU,66,3.4221,0
GPU,67,3.2348,0
GPU,68,3.6596,0
GPU,69,2.7521,0
GPU,70,4.0044,0
GPU,71,3.4472,0
GPU,72,3.5929,0
GPU,73,2.7374,0
GPU,74,2.8631,0
GPU,75,3.4196,0
GPU,76,4.2248,0
GPU,77,3.5529,0
GPU,78,3.624,0
GPU,79,3.1215,0
GPU,80,2.8757,0
GPU,81,3.1124,0
GPU,82,4.3723,0
GPU,83,3.1491,0
GPU,84,5.1076,0
GPU,85,4.1324,0
GPU,86,4.0212,0
GPU,87,4.1667,0
GPU,88,3.4492,0
GPU,89,3.4306,0
GPU,90,4.1655,0
GPU,91,4.2394,0
GPU,92,4.1453,0
GPU,93,4.5275,0
GPU,94,4.9382,0
GPU,95,3.2429,0
GPU,96,3.2129,0
GPU,97,4.5967,0
GPU,98,3.2799,0
GPU,99,3.14,0
GPU,100,3.5371,0
GPU,101,3.7318,0
GPU,102,4.6399,0
GPU,103,3.988,0
GPU,104,3.1972,0
GPU,105,4.4553,0
GPU,106,3.0784,0
GPU,107,3.1968,0
GPU,108,3.1799,0
GPU,109,4.6085,0
GPU,110,3.1832,0
GPU,111,2.9891,0
GPU,112,3.1636,0
GPU,113,3.3702,0
GPU,114,3.5256,0
GPU,115,3.3293,0
GPU,116,3.6103,0
GPU,117,3.7227,0
GPU,118,3.645,0
GPU,119,3.2179,0
GPU,120,3.7088,0
GPU,121,3.1801,0
GPU,122,3.9932,0
GPU,123,3.5618,0
GPU,124,4.5272,0
GPU,125,3.6175,0
GPU,126,3.6356,0
GPU,127,4.0503,0
GPU,128,3.6715,0
GPU,129,3.8754,0
GPU,130,5.216,0
GPU,131,3.8769,0
GPU,132,3.8847,0
GPU,133,4.3567,0
GPU,134,4.0069,0
GPU,135,3.7899,0
GPU,136,5.32,0
GPU,137,4.663,0
GPU,138,3.9435,0
GPU,139,3.4356,0
GPU,140,5.0271,0
GPU,141,3.6289,0
GPU,142,5.3686,0
GPU,143,3.7863,0
GPU,144,4.9135,0
GPU,145,4.9555,0
GPU,146,3.8911,0
GPU,147,4.6822,0
GPU,148,6.19,0
GPU,149,3.8815,0
GPU,150,3.7775,0
GPU,151,3.2342,0
GPU,152,4.087,0
GPU,153,5.7542,0
GPU,154,4.4432,0
GPU,155,3.9712,0
GPU,156,3.1343,0
GPU,157,3.3977,0
GPU,158,3.7086,0
GPU,159,3.4397,0
GPU,160,3.5158,0
GPU,161,3.0258,0
GPU,162,3.1267,0
GPU,163,4.2533,0
GPU,164,3.6463,0
GPU,165,3.065,0
GPU,166,3.8931,0
GPU,167,4.1126,0
GPU,168,3.8926,0
GPU,169,3.3915,0
GPU,170,3.4957,0
GPU,171,2.8354,0
GPU,172,3.5233,0
GPU,173,2.8854,0
GPU,174,2.9016,0
GPU,175,2.7202,0
GPU,176,2.914,0
GPU,177,3.0188,0
GPU,178,2.4888,0
GPU,179,2.7564,0
GPU,180,3.0508,0
GPU,181,2.6008,0
GPU,182,2.8204,0
GPU,183,2.7793,0
GPU,184,2.5284,0
GPU,185,2.7345,0
GPU,186,2.6553,0
GPU,187,3.6816,0
GPU,188,2.6884,0
GPU,189,2.6937,0
GPU,190,3.0817,0
GPU,191,2.4636,0
GPU,192,2.5715,0
GPU,193,3.2243,0
GPU,194,3.1132,0
GPU,195,2.792,0
GPU,196,2.9752,0
GPU,197,3.1757,0
GPU,198,4.3884,0
GPU,199,3.0261,0
GPU,200,2.8831,0
GPU,201,2.8719,0
GPU,202,2.9599,0
GPU,203,2.9958,0
GPU,204,3.23,0
GPU,205,3.683,0
GPU,206,3.3984,0
GPU,207,3.9432,0
GPU,208,2.9544,0
GPU,209,2.9252,0
GPU,210,3.274,0
GPU,211,3.8108,0
GPU,212,4.4146,0
GPU,213,3.3514,0
GPU,214,3.8496,0
GPU,215,4.1055,0
GPU,216,3.1731,0
GPU,217,2.8416,0
GPU,218,3.496,0
GPU,219,5.1423,0
GPU,220,3.2913,0
GPU,221,3.9911,0
GPU,222,3.493,0
GPU,223,8.1463,0
GPU,224,5.0779,0
GPU,225,5.948,0
GPU,226,3.9646,0
GPU,227,5.077,0
GPU,228,3.949,0
GPU,229,6.4897,0
GPU,230,4.1306,0
GPU,231,5.5789,0
GPU,232,5.8933,0
GPU,233,5.0478,0
GPU,234,3.5917,0
GPU,235,5.8418,0
GPU,236,6.8978,0
GPU,237,3.3879,0
GPU,238,5.9226,0
GPU,239,5.7837,0
GPU,240,6.6769,0
GPU,241,3.9374,0
GPU,242,4.838,0
GPU,243,4.273,0
GPU,244,7.4658,0
GPU,245,3.9094,0
GPU,246,5.0992,0
GPU,247,3.9916,0
GPU,248,4.1289,0
GPU,249,4.0616,0
GPU,250,4.8504,0
GPU,251,4.5018,0
GPU,252,4.3322,0
GPU,253,5.0284,0
GPU,254,5.4538,0
GPU,255,3.6221,0
GPU,256,3.322,0
GPU,257,3.5363,0
GPU,258,4.1147,0
GPU,259,2.9917,0
GPU,260,5.1475,0
GPU,261,3.5895,0
GPU,262,3.1034,0
GPU,263,3.3823,0
GPU,264,2.9577,0
GPU,265,3.1573,0
GPU,266,4.3385,0
GPU,267,3.9927,0
GPU,268,3.1413,0
GPU,269,3.5028,0
GPU,270,2.664,0
GPU,271,3.0774,0
GPU,272,4.6425,0
GPU,273,3.1768,0
GPU,274,3.2616,0
GPU,275,2.5384,0
GPU,276,3.3881,0
GPU,277,2.8838,0
GPU,278,3.5945,0
GPU,279,3.2574,0
GPU,280,2.9615,0
GPU,281,2.9404,0
GPU,282,2.8506,0
GPU,283,3.2887,0
GPU,284,3.6281,0
GPU,285,3.344,0
GPU,286,2.8843,0
GPU,287,2.8978,0
GPU,288,2.8955,0
GPU,289,2.933,0
GPU,290,3.0752,0
GPU,291,3.3258,0
GPU,292,3.4297,0
GPU,293,2.8905,0
GPU,294,3.0864,0
GPU,295,3.6843,0
GPU,296,3.0276,0
GPU,297,3.0142,0
GPU,298,3.9727,0
GPU,299,3.0725,0
GPU,300,4.4262,0
GPU,301,4.3515,0
GPU,302,3.901,0
GPU,303,4.0136,0
GPU,304,4.2721,0
GPU,305,4.1888,0
GPU,306,4.5083,0
GPU,307,3.81,0
GPU,308,4.2052,0
GPU,309,3.4377,0
GPU,310,4.1678,0
GPU,311,3.0367,0
GPU,312,3.3543,0
GPU,313,3.7586,0
GPU,314,3.0914,0
GPU,315,3.0088,0
GPU,316,2.6522,0
GPU,317,2.7425,0
GPU,318,2.978,0
GPU,319,2.9722,0
GPU,320,2.7013,0
GPU,321,3.5723,0
GPU,322,3.5507,0
GPU,323,3.6678,0
GPU,324,3.4851,0
GPU,325,3.5971,0
GPU,326,2.7294,0
GPU,327,2.595,0
GPU,328,2.699,0
GPU,329,3.7534,0
GPU,330,2.5854,0
GPU,331,2.6495,0
GPU,332,3.2254,0
GPU,333,2.7883,0
GPU,334,2.5209,0
GPU,335,2.5831,0
GPU,336,2.6901,0
GPU,337,2.5669,0
GPU,338,2.6884,0
GPU,339,2.6027,0
GPU,340,2.6644,0
GPU,341,3.3037,0
GPU,342,3.1079,0
GPU,343,2.5862,0
GPU,344,2.8917,0
GPU,345,3.1696,0
GPU,346,2.4563,0
GPU,347,3.3349,0
GPU,348,2.5352,0
GPU,349,3.2093,0
GPU,350,2.8883,0
GPU,351,2.5949,0
GPU,352,2.5561,0
GPU,353,3.3761,0
GPU,354,2.6427,0
GPU,355,2.8371,0
GPU,356,2.7185,0
GPU,357,2.637,0
GPU,358,2.7344,0
GPU,359,2.6623,0
GPU,360,2.6553,0
GPU,361,3.1336,0
GPU,362,2.8419,0
GPU,363,2.8008,0
GPU,364,2.5435,0
GPU,365,3.005,0
GPU,366,2.7243,0
GPU,367,2.7458,0
GPU,368,3.594,0
GPU,369,3.5238,0
GPU,370,2.7238,0
GPU,371,2.7707,0
GPU,372,2.978,0
GPU,373,4.1518,0
GPU,374,3.9792,0
GPU,375,3.6399,0
GPU,376,2.6281,0
GPU,377,2.6325,0
GPU,378,2.7521,0
GPU,379,2.7349,0
GPU,380,2.7194,0
GPU,381,3.3306,0
GPU,382,2.6259,0
GPU,383,2.6777,0
GPU,384,2.6525,0
GPU,385,2.4701,0
GPU,386,2.4118,0
GPU,387,3.2238,0
GPU,388,2.7672,0
GPU,389,2.5336,0
GPU,390,2.6418,0
GPU,391,3.2289,0
GPU,392,2.6611,0
GPU,393,2.4624,0
GPU,394,3.3485,0
GPU,395,2.9933,0
GPU,396,2.5984,0
GPU,397,3.5789,0
GPU,398,3.6377,0
GPU,399,2.7554,0
GPU,400,3.7533,0
GPU,401,2.8124,0
GPU,402,2.8767,0
GPU,403,2.671,0
GPU,404,2.58,0
GPU,405,3.3498,0
GPU,406,2.7343,0
GPU,407,2.5083,0
GPU,408,2.7386,0
GPU,409,2.7382,0
GPU,410,2.6439,0
GPU,411,2.4275,0
GPU,412,3.1965,0
GPU,413,2.5515,0
GPU,414,2.5803,0
GPU,415,2.4871,0
GPU,416,3.1695,0
GPU,417,2.552,0
GPU,418,2.4777,0
GPU,419,2.4668,0
GPU,420,2.7302,0
GPU,421,3.0365,0
GPU,422,3.0097,0
GPU,423,3.2683,0
GPU,424,3.1574,0
GPU,425,3.5316,0
GPU,426,3.2416,0
GPU,427,2.6926,0
GPU,428,2.6814,0
GPU,429,2.4392,0
GPU,430,2.4545,0
GPU,431,2.7704,0
GPU,432,2.5812,0
GPU,433,2.7171,0
GPU,434,2.5038,0
GPU,435,2.7484,0
GPU,436,2.9693,0
GPU,437,2.4469,0
GPU,438,2.402,0
GPU,439,2.7269,0
GPU,440,2.9618,0
GPU,441,2.6039,0
GPU,442,2.3396,0
GPU,443,2.6429,0
GPU,444,2.4782,0
GPU,445,2.4885,0
GPU,446,2.613,0
GPU,447,2.3924,0
GPU,448,3.1694,0
GPU,449,2.5078,0
GPU,450,2.5612,0
GPU,451,2.4828,0
GPU,452,2.4153,0
GPU,453,2.4551,0
GPU,454,2.5279,0
GPU,455,2.3805,0
GPU,456,2.4668,0
GPU,457,2.5051,0
GPU,458,2.6128,0
GPU,459,2.47,0
GPU,460,3.154,0
GPU,461,2.7568,0
GPU,462,2.3927,0
GPU,463,2.3857,0
GPU,464,2.6701,0
GPU,465,2.4726,0
GPU,466,2.2714,0
GPU,467,2.23,0
GPU,468,2.4914,0
GPU,469,2.448,0
GPU,470,2.4141,0
GPU,471,2.3454,0
GPU,472,2.5146,0
GPU,473,2.5346,0
GPU,474,2.3868,0
GPU,475,2.5094,0
GPU,476,2.6786,0
GPU,477,2.4454,0
GPU,478,2.3783,0
GPU,479,2.5742,0
GPU,480,2.7775,0
GPU,481,2.2888,0
GPU,482,2.4219,0
GPU,483,2.5002,0
GPU,484,2.3725,0
GPU,485,2.4435,0
GPU,486,2.3871,0
GPU,487,2.5142,0
GPU,488,2.4482,0
GPU,489,2.3368,0
GPU,490,3.027,0
GPU,491,2.4935,0
GPU,492,2.3827,0
GPU,493,2.3465,0
GPU,494,3.1332,0
GPU,495,2.3427,0
GPU,496,2.2979,0
GPU,497,2.6748,0
GPU,498,2.3827,0
GPU,499,3.0268,0
GPU,500,2.3237,0
GPU,501,3.3344,0
GPU,502,2.3326,0
GPU,503,2.4488,0
GPU,504,2.4884,0
GPU,505,2.6288,0
GPU,506,3.6287,0
GPU,507,2.4084,0
GPU,508,2.8213,0
GPU,509,2.7005,0
GPU,510,2.639,0
GPU,511,2.2805,0
GPU,512,2.5262,0
GPU,513,2.4812,0
GPU,514,2.4689,0
GPU,515,2.4437,0
GPU,516,2.6762,0
GPU,517,2.5725,0
GPU,518,2.4626,0
GPU,519,2.5303,0
GPU,520,2.5679,0
GPU,521,2.6059,0
GPU,522,2.4039,0
GPU,523,2.4625,0
GPU,524,2.4524,0
GPU,525,2.8787,0
GPU,526,2.5011,0
GPU,527,2.4201,0
GPU,528,2.5428,0
GPU,529,2.5863,0
GPU,530,2.5215,0
GPU,531,2.3846,0
GPU,532,2.5211,0
GPU,533,3.3591,0
GPU,534,2.7279,0
GPU,535,3.7963,0
GPU,536,2.8081,0
GPU,537,2.8506,0
GPU,538,2.7218,0
GPU,539,2.5165,0
GPU,540,2.5563,0
GPU,541,2.4871,0
GPU,542,2.5088,0
GPU,543,2.5029,0
GPU,544,2.4945,0
GPU,545,2.5474,0
GPU,546,2.5084,0
GPU,547,2.5996,0
GPU,548,2.4842,0
GPU,549,2.6343,0
GPU,550,2.4377,0
GPU,551,2.483,0
GPU,552,2.4101,0
GPU,553,2.6422,0
GPU,554,2.6217,0
GPU,555,2.4959,0
GPU,556,2.5561,0
GPU,557,2.44,0
GPU,558,2.4347,0
GPU,559,3.1839,0
GPU,560,2.375,0
GPU,561,2.4937,0
GPU,562,2.5158,0
GPU,563,2.5592,0
GPU,564,2.4837,0
GPU,565,2.5634,0
GPU,566,2.43,0
GPU,567,2.6275,0
GPU,568,2.69,0
GPU,569,2.4523,0
GPU,570,2.4084,0
GPU,571,2.6263,0
GPU,572,2.6371,0
GPU,573,2.583,0
GPU,574,2.3818,0
GPU,575,2.2983,0
GPU,576,2.4538,0
GPU,577,2.4596,0
GPU,578,2.44,0
GPU,579,2.3974,0
GPU,580,2.3729,0
GPU,581,2.3742,0
GPU,582,2.5003,0
GPU,583,2.3225,0
GPU,584,2.5467,0
GPU,585,2.3439,0
GPU,586,2.4169,0
GPU,587,2.3194,0
GPU,588,2.4295,0
GPU,589,2.4588,0
GPU,590,2.4144,0
GPU,591,2.423,0
GPU,592,2.594,0
GPU,593,2.4016,0
GPU,594,2.3717,0
GPU,595,2.9244,0
GPU,596,2.5716,0
GPU,597,2.5198,0
GPU,598,2.5714,0
GPU,599,2.4759,0
GPU,600,2.4112,0
GPU,601,2.4799,0
GPU,602,2.8713,0
GPU,603,2.6381,0
GPU,604,2.5946,0
GPU,605,2.4236,0
GPU,606,2.3732,0
GPU,607,2.4595,0
GPU,608,2.369,0
GPU,609,2.5363,0
GPU,610,3.0181,0
GPU,611,2.4856,0
GPU,612,2.4266,0
GPU,613,2.3842,0
GPU,614,2.5459,0
GPU,615,2.4699,0
GPU,616,2.4444,0
GPU,617,3.0686,0
GPU,618,3.5478,0
GPU,619,2.5455,0
GPU,620,3.0211,0
GPU,621,3.1791,0
GPU,622,2.5071,0
GPU,623,3.31,0
GPU,624,2.7866,0
GPU,625,5.7936,0
GPU,626,3.6334,0
GPU,627,3.7321,0
GPU,628,3.5807,0
GPU,629,3.4501,0
GPU,630,2.6265,0
GPU,631,2.7521,0
GPU,632,2.8346,0
GPU,633,2.6513,0
GPU,634,3.7181,0
GPU,635,2.8218,0
GPU,636,2.7028,0
GPU,637,2.5629,0
GPU,638,3.1749,0
GPU,639,2.7418,0
GPU,640,3.268,0
GPU,641,2.8037,0
GPU,642,2.839,0
GPU,643,2.8049,0
GPU,644,2.7971,0
GPU,645,3.3,0
GPU,646,2.9216,0
GPU,647,3.4023,0
GPU,648,2.9242,0
GPU,649,3.9867,0
GPU,650,3.45,0
GPU,651,3.4709,0
GPU,652,2.786,0
GPU,653,2.7411,0
GPU,654,2.7757,0
GPU,655,2.7732,0
GPU,656,2.5439,0
GPU,657,3.3035,0
GPU,658,2.6835,0
GPU,659,2.6951,0
GPU,660,2.6327,0
GPU,661,2.9685,0
GPU,662,2.5226,0
GPU,663,2.8775,0
GPU,664,2.8165,0
GPU,665,2.5027,0
GPU,666,2.7844,0
GPU,667,3.2604,0
GPU,668,3.1273,0
GPU,669,2.8708,0
GPU,670,2.5525,0
GPU,671,3.4904,0
GPU,672,3.2887,0
GPU,673,2.7353,0
GPU,674,2.8057,0
GPU,675,2.6018,0
GPU,676,3.1668,0
GPU,677,2.9822,0
GPU,678,2.4622,0
GPU,679,2.4848,0
GPU,680,3.5138,0
GPU,681,2.9679,0
GPU,682,3.5242,0
GPU,683,3.7272,0
GPU,684,3.022,0
GPU,685,2.6061,0
GPU,686,2.6812,0
GPU,687,2.697,0
GPU,688,2.6678,0
GPU,689,2.7806,0
GPU,690,2.7908,0
GPU,691,2.7974,0
GPU,692,3.9568,0
GPU,693,3.3778,0
GPU,694,2.5883,0
GPU,695,3.7276,0
GPU,696,2.8697,0
GPU,697,2.8795,0
GPU,698,2.8988,0
GPU,699,2.7282,0
GPU,700,2.6417,0
GPU,701,2.8956,0
GPU,702,2.7327,0
GPU,703,2.8155,0
GPU,704,3.8049,0
GPU,705,3.8974,0
GPU,706,2.8809,0
GPU,707,2.7523,0
GPU,708,3.3567,0
GPU,709,2.705,0
GPU,710,2.8515,0
GPU,711,2.5291,0
GPU,712,2.7823,0
GPU,713,2.9542,0
GPU,714,2.77,0
GPU,715,2.5976,0
GPU,716,3.7244,0
GPU,717,3.3513,0
GPU,718,2.8286,0
GPU,719,2.7831,0
GPU,720,2.9224,0
GPU,721,2.9192,0
GPU,722,2.9107,0
GPU,723,3.6354,0
GPU,724,3.4442,0
GPU,725,3.5496,0
GPU,726,2.7025,0
GPU,727,2.9703,0
GPU,728,2.9082,0
GPU,729,2.8575,0
GPU,730,3.6781,0
GPU,731,3.6806,0
GPU,732,3.4396,0
GPU,733,3.4409,0
GPU,734,3.5488,0
GPU,735,2.7768,0
GPU,736,2.7452,0
GPU,737,3.084,0
GPU,738,2.689,0
GPU,739,4.2502,0
GPU,740,3.647,0
GPU,741,3.6199,0
GPU,742,2.6691,0
GPU,743,2.9016,0
GPU,744,3.6728,0
GPU,745,3.0232,0
GPU,746,2.8666,0
GPU,747,2.6552,0
GPU,748,2.8852,0
GPU,749,3.0667,0
GPU,750,2.5536,0
GPU,751,2.8131,0
GPU,752,2.6593,0
GPU,753,3.3591,0
GPU,754,3.036,0
GPU,755,2.7384,0
GPU,756,2.7471,0
GPU,757,3.078,0
GPU,758,2.7632,0
GPU,759,2.572,0
GPU,760,3.0101,0
GPU,761,3.0968,0
GPU,762,3.2385,0
GPU,763,3.5502,0
GPU,764,2.9651,0
GPU,765,2.7671,0
GPU,766,2.58,0
GPU,767,3.5337,0
GPU,768,3.4037,0
GPU,769,3.5971,0
GPU,770,3.4158,0
GPU,771,3.3704,0
GPU,772,2.7028,0
GPU,773,2.6381,0
GPU,774,2.4347,0
GPU,775,2.5765,0
GPU,776,3.3154,0
GPU,777,2.9429,0
GPU,778,2.574,0
GPU,779,3.2437,0
GPU,780,2.7,0
GPU,781,2.5044,0
GPU,782,2.6224,0
GPU,783,2.7765,0
GPU,784,2.524,0
GPU,785,2.7432,0
GPU,786,3.2749,0
GPU,787,2.3612,0
GPU,788,2.5754,0
GPU,789,2.4819,0
GPU,790,2.5528,0
GPU,791,2.394,0
GPU,792,2.4517,0
GPU,793,3.8184,0
GPU,794,2.6871,0
GPU,795,2.6562,0
GPU,796,3.3932,0
GPU,797,3.4117,0
GPU,798,2.6506,0
GPU,799,3.1135,0
GPU,800,3.1392,0
GPU,801,2.8245,0
GPU,802,2.7627,0
GPU,803,2.6241,0
GPU,804,3.7819,0
GPU,805,2.7334,0
GPU,806,2.8371,0
GPU,807,3.3379,0
GPU,808,2.8042,0
GPU,809,2.6892,0
GPU,810,2.5657,0
GPU,811,2.611,0
GPU,812,2.6644,0
GPU,813,2.962,0
GPU,814,2.405,0
GPU,815,2.8202,0
GPU,816,2.6582,0
GPU,817,2.8767,0
GPU,818,3.0472,0
GPU,819,2.4136,0
GPU,820,2.6423,0
GPU,821,2.9271,0
GPU,822,2.6793,0
GPU,823,2.4809,0
GPU,824,3.0428,0
GPU,825,2.5676,0
GPU,826,2.7841,0
GPU,827,2.5476,0
GPU,828,3.1878,0
GPU,829,2.6186,0
GPU,830,2.4501,0
GPU,831,2.3881,0
GPU,832,2.4106,0
GPU,833,2.5646,0
GPU,834,2.5463,0
GPU,835,2.399,0
GPU,836,2.602,0
GPU,837,2.6427,0
GPU,838,2.8639,0
GPU,839,2.6761,0
GPU,840,2.9709,0
GPU,841,2.5754,0
GPU,842,3.2099,0
GPU,843,2.7558,0
GPU,844,4.4414,0
GPU,845,3.2127,0
GPU,846,2.6529,0
GPU,847,2.4404,0
GPU,848,2.5249,0
GPU,849,2.5874,0
GPU,850,3.2482,0
GPU,851,2.7383,0
GPU,852,2.7292,0
GPU,853,2.7048,0
GPU,854,2.4572,0
GPU,855,2.3871,0
GPU,856,2.4753,0
GPU,857,2.9051,0
GPU,858,2.9148,0
GPU,859,2.4795,0
GPU,860,3.8518,0
GPU,861,2.4224,0
GPU,862,2.4723,0
GPU,863,2.476,0
GPU,864,3.3083,0
GPU,865,3.2345,0
GPU,866,3.1728,0
GPU,867,2.4834,0
GPU,868,2.5471,0
GPU,869,2.4816,0
GPU,870,2.5094,0
GPU,871,2.3701,0
GPU,872,2.5199,0
GPU,873,2.5257,0
GPU,874,2.5572,0
GPU,875,2.3901,0
GPU,876,2.4719,0
GPU,877,2.622,0
GPU,878,2.5937,0
GPU,879,2.3966,0
GPU,880,2.3566,0
GPU,881,2.5498,0
GPU,882,2.3491,0
GPU,883,2.3495,0
GPU,884,2.6546,0
GPU,885,2.6072,0
GPU,886,2.5117,0
GPU,887,2.339,0
GPU,888,2.521,0
GPU,889,2.8884,0
GPU,890,2.3379,0
GPU,891,2.6159,0
GPU,892,3.0385,0
GPU,893,2.4359,0
GPU,894,2.5599,0
GPU,895,2.5243,0
GPU,896,2.8174,0
GPU,897,2.3819,0
GPU,898,3.1461,0
GPU,899,2.4669,0
GPU,900,3.3591,0
GPU,901,2.4811,0
GPU,902,3.1351,0
GPU,903,3.062,0
GPU,904,2.3216,0
GPU,905,3.2309,0
GPU,906,3.508,0
GPU,907,2.7057,0
GPU,908,3.1378,0
GPU,909,2.395,0
GPU,910,3.1649,0
GPU,911,2.5312,0
GPU,912,2.5884,0
GPU,913,3.2335,0
GPU,914,3.6023,0
GPU,915,3.3008,0
GPU,916,3.501,0
GPU,917,2.5701,0
GPU,918,3.2142,0
GPU,919,3.6704,0
GPU,920,2.7431,0
GPU,921,2.7101,0
GPU,922,2.7888,0
GPU,923,3.6877,0
GPU,924,3.4284,0
GPU,925,2.7059,0
GPU,926,3.4429,0
GPU,927,3.5437,0
GPU,928,3.348,0
GPU,929,2.6067,0
GPU,930,2.6825,0
GPU,931,3.3907,0
GPU,932,2.7371,0
GPU,933,2.7424,0
GPU,934,2.8681,0
GPU,935,2.8766,0
GPU,936,2.8449,0
GPU,937,2.7957,0
GPU,938,3.1979,0
GPU,939,2.6695,0
GPU,940,3.3932,0
GPU,941,3.6061,0
GPU,942,2.7841,0
GPU,943,3.606,0
GPU,944,3.498,0
GPU,945,2.8334,0
GPU,946,3.6738,0
GPU,947,2.8541,0
GPU,948,2.7665,0
GPU,949,4.1353,0
GPU,950,4.7409,0
GPU,951,2.9064,0
GPU,952,2.8264,0
GPU,953,3.2674,0
GPU,954,3.0574,0
GPU,955,3.2837,0
GPU,956,3.6271,0
GPU,957,3.5597,0
GPU,958,3.0939,0
GPU,959,2.7121,0
GPU,960,3.4297,0
GPU,961,3.434,0
GPU,962,3.4016,0
GPU,963,3.3969,0
GPU,964,3.3469,0
GPU,965,2.8128,0
GPU,966,2.6446,0
GPU,967,2.8773,0
GPU,968,3.1666,0
GPU,969,3.1228,0
GPU,970,3.9174,0
GPU,971,2.9148,0
GPU,972,2.9171,0
GPU,973,2.5531,0
GPU,974,2.9072,0
GPU,975,2.732,0
GPU,976,2.6995,0
GPU,977,3.3619,0
GPU,978,2.7375,0
GPU,979,2.9922,0
GPU,980,2.9485,0
GPU,981,2.6867,0
GPU,982,2.7291,0
GPU,983,2.9535,0
GPU,984,2.957,0
GPU,985,2.5576,0
GPU,986,2.5718,0
GPU,987,3.351,0
GPU,988,2.7489,0
GPU,989,2.5458,0
GPU,990,2.8201,0
GPU,991,2.719,0
GPU,992,2.4749,0
GPU,993,2.3879,0
GPU,994,3.5956,0
GPU,995,2.5577,0
GPU,996,2.4963,0
GPU,997,2.6067,0
GPU,998,2.5874,0
GPU,999,2.4502,0
GPU,1000,2.4966,0
GPU,1001,2.3326,0
GPU,1002,3.0537,0
GPU,1003,2.4396,0
GPU,1004,2.4215,0
GPU,1005,2.3802,0
GPU,1006,2.3515,0
GPU,1007,2.691,0
GPU,1008,2.4619,0
GPU,1009,2.2961,0
GPU,1010,3.096,0
GPU,1011,2.3296,0
GPU,1012,2.3832,0
GPU,1013,2.3975,0
GPU,1014,2.4168,0
GPU,1015,2.5835,0
GPU,1016,2.318,0
GPU,1017,2.2609,0
GPU,1018,2.2887,0
GPU,1019,2.5845,0
GPU,1020,2.5135,0
GPU,1021,2.3834,0
GPU,1022,3.3451,0
GPU,1023,2.508,0
GPU,1024,2.3816,0
GPU,1025,2.4838,0
GPU,1026,3.1728,0
GPU,1027,2.6519,0
GPU,1028,2.3765,0
GPU,1029,2.6767,0
GPU,1030,2.6694,0
GPU,1031,2.6904,0
GPU,1032,2.5929,0
GPU,1033,2.4714,0
GPU,1034,3.3621,0
GPU,1035,2.5162,0
GPU,1036,2.5314,0
GPU,1037,2.4658,0
GPU,1038,2.4038,0
GPU,1039,2.422,0
GPU,1040,2.3907,0
GPU,1041,3.106,0
GPU,1042,2.5069,0
GPU,1043,2.6627,0
GPU,1044,2.4607,0
GPU,1045,2.5292,0
GPU,1046,2.5351,0
GPU,1047,2.6049,0
GPU,1048,2.432,0
GPU,1049,2.4296,0
GPU,1050,2.7937,0
GPU,1051,3.1647,0
GPU,1052,2.4948,0
GPU,1053,2.4565,0
GPU,1054,3.1376,0
GPU,1055,2.4826,0
GPU,1056,2.3925,0
GPU,1057,2.4609,0
GPU,1058,2.4095,0
GPU,1059,2.5249,0
GPU,1060,2.5039,0
GPU,1061,2.5513,0
GPU,1062,3.2027,0
GPU,1063,2.5148,0
GPU,1064,2.786,0
GPU,1065,2.5283,0
GPU,1066,3.3136,0
GPU,1067,3.3113,0
GPU,1068,3.343,0
GPU,1069,2.4881,0
GPU,1070,2.398,0
GPU,1071,2.5501,0
GPU,1072,2.5502,0
GPU,1073,2.5378,0
GPU,1074,2.52,0
GPU,1075,2.6265,0
GPU,1076,2.4268,0
GPU,1077,2.5183,0
GPU,1078,2.4989,0
GPU,1079,2.3854,0
GPU,1080,2.3513,0
GPU,1081,3.0791,0
GPU,1082,4.791,0
GPU,1083,2.33,0
GPU,1084,2.4172,0
GPU,1085,2.5563,0
GPU,1086,2.4833,0
GPU,1087,2.4045,0
GPU,1088,2.552,0
GPU,1089,2.5577,0
GPU,1090,2.4242,0
GPU,1091,2.3778,0
GPU,1092,3.058,0
GPU,1093,2.6115,0
GPU,1094,2.5018,0
GPU,1095,2.6005,0
GPU,1096,2.5528,0
GPU,1097,2.7446,0
GPU,1098,2.579,0
GPU,1099,2.4896,0
GPU,1100,2.5571,0
GPU,1101,2.652,0
GPU,1102,2.409,0
GPU,1103,2.4213,0
GPU,1104,3.1666,0
GPU,1105,2.5269,0
GPU,1106,2.3464,0
GPU,1107,2.5166,0
GPU,1108,2.4987,0
GPU,1109,2.5981,0
GPU,1110,2.4517,0
GPU,1111,2.4665,0
GPU,1112,2.5516,0
GPU,1113,2.4882,0
GPU,1114,2.599,0
GPU,1115,2.6309,0
GPU,1116,3.4553,0
GPU,1117,2.7141,0
GPU,1118,2.6882,0
GPU,1119,2.5869,0
GPU,1120,2.4619,0
GPU,1121,2.6772,0
GPU,1122,2.4716,0
GPU,1123,2.4812,0
GPU,1124,2.4569,0
GPU,1125,2.8181,0
GPU,1126,2.4577,0
GPU,1127,2.656,0
GPU,1128,2.6625,0
GPU,1129,2.4659,0
GPU,1130,2.4292,0
GPU,1131,2.4672,0
GPU,1132,3.3093,0
GPU,1133,3.4078,0
GPU,1134,2.4826,0
GPU,1135,3.0712,0
GPU,1136,3.0213,0
GPU,1137,2.4464,0
GPU,1138,2.5579,0
GPU,1139,2.5379,0
GPU,1140,2.5106,0
GPU,1141,2.5304,0
GPU,1142,2.6617,0
GPU,1143,2.5302,0
GPU,1144,2.5774,0
GPU,1145,2.7427,0
GPU,1146,2.5669,0
GPU,1147,2.5839,0
GPU,1148,2.5428,0
GPU,1149,3.0656,0
GPU,1150,2.4277,0
GPU,1151,2.5389,0
GPU,1152,2.8274,0
GPU,1153,2.5391,0
GPU,1154,2.429,0
GPU,1155,2.4914,0
GPU,1156,2.4617,0
GPU,1157,2.5228,0
GPU,1158,3.1104,0
GPU,1159,2.4192,0
GPU,1160,2.605,0
GPU,1161,2.526,0
GPU,1162,2.3827,0
GPU,1163,2.7382,0
GPU,1164,2.9128,0
GPU,1165,2.5524,0
GPU,1166,2.5795,0
GPU,1167,2.4194,0
GPU,1168,4.2181,0
GPU,1169,3.1431,0
GPU,1170,2.5524,0
GPU,1171,2.5637,0
GPU,1172,2.5165,0
GPU,1173,2.4912,0
GPU,1174,2.4615,0
GPU,1175,3.1946,0
GPU,1176,2.7812,0
GPU,1177,2.517,0
GPU,1178,3.3184,0
GPU,1179,2.4787,0
GPU,1180,2.4942,0
GPU,1181,2.4805,0
GPU,1182,3.3085,0
GPU,1183,2.5053,0
GPU,1184,2.4552,0
GPU,1185,2.5372,0
GPU,1186,2.9454,0
GPU,1187,2.7165,0
GPU,1188,2.5781,0
GPU,1189,3.1834,0
GPU,1190,2.6528,0
GPU,1191,3.2413,0
GPU,1192,2.6853,0
GPU,1193,3.5637,0
GPU,1194,2.8528,0
GPU,1195,2.6712,0
GPU,1196,2.4769,0
GPU,1197,3.2789,0
GPU,1198,2.8209,0
GPU,1199,2.6912,0
GPU,1200,2.5918,0
GPU,1201,2.8533,0
GPU,1202,2.622,0
GPU,1203,2.6047,0
GPU,1204,2.6803,0
GPU,1205,2.5228,0
GPU,1206,2.6378,0
GPU,1207,2.852,0
GPU,1208,2.7306,0
GPU,1209,2.6093,0
GPU,1210,2.8832,0
GPU,1211,2.6549,0
GPU,1212,2.6495,0
GPU,1213,2.6157,0
GPU,1214,3.1824,0
GPU,1215,2.79,0
GPU,1216,3.0016,0
GPU,1217,2.772,0
GPU,1218,2.7296,0
GPU,1219,2.7544,0
GPU,1220,3.0464,0
GPU,1221,2.9128,0
GPU,1222,3.1823,0
GPU,1223,3.8293,0
GPU,1224,3.0444,0
GPU,1225,2.7108,0
GPU,1226,3.2541,0
GPU,1227,3.7243,0
GPU,1228,2.8088,0
GPU,1229,3.5742,0
GPU,1230,2.7637,0
GPU,1231,3.5558,0
GPU,1232,2.6615,0
GPU,1233,2.5711,0
GPU,1234,2.7465,0
GPU,1235,2.8786,0
GPU,1236,3.5916,0
GPU,1237,3.736,0
GPU,1238,3.2851,0
GPU,1239,2.6503,0
GPU,1240,3.6189,0
GPU,1241,3.8092,0
GPU,1242,2.8383,0
GPU,1243,3.7426,0
GPU,1244,4.4256,0
GPU,1245,3.597,0
GPU,1246,3.6028,0
GPU,1247,3.4507,0
GPU,1248,3.5796,0
GPU,1249,3.5028,0
GPU,1250,3.4962,0
GPU,1251,3.5672,0
GPU,1252,3.3388,0
GPU,1253,3.4823,0
GPU,1254,3.5389,0
GPU,1255,3.4357,0
GPU,1256,3.4343,0
GPU,1257,3.6878,0
GPU,1258,3.4584,0
GPU,1259,3.3931,0
GPU,1260,3.3925,0
GPU,1261,3.4087,0
GPU,1262,3.137,0
GPU,1263,3.4665,0
GPU,1264,3.5577,0
GPU,1265,3.2986,0
GPU,1266,3.2589,0
GPU,1267,3.5068,0
GPU,1268,3.8589,0
GPU,1269,3.486,0
GPU,1270,3.5173,0
GPU,1271,3.3685,0
GPU,1272,4.2786,0
GPU,1273,4.0215,0
GPU,1274,3.8237,0
GPU,1275,3.1802,0
GPU,1276,4.3551,0
GPU,1277,3.5177,0
GPU,1278,3.573,0
GPU,1279,3.3662,0
GPU,1280,3.3062,0
GPU,1281,3.4279,0
GPU,1282,2.6473,0
GPU,1283,2.6874,0
GPU,1284,2.5759,0
GPU,1285,2.5614,0
GPU,1286,3.19,0
GPU,1287,2.5113,0
GPU,1288,2.4338,0
GPU,1289,2.7618,0
GPU,1290,2.4578,0
GPU,1291,2.4419,0
GPU,1292,2.6343,0
GPU,1293,2.6384,0
GPU,1294,2.6167,0
GPU,1295,2.6228,0
GPU,1296,2.7685,0
GPU,1297,2.4902,0
GPU,1298,2.4747,0
GPU,1299,2.8605,0
GPU,1300,2.6558,0
GPU,1301,2.5398,0
GPU,1302,2.4595,0
GPU,1303,2.5726,0
GPU,1304,3.2015,0
GPU,1305,2.5848,0
GPU,1306,2.5136,0
GPU,1307,2.5696,0
GPU,1308,3.0991,0
GPU,1309,2.5517,0
GPU,1310,2.6233,0
GPU,1311,2.4923,0
GPU,1312,3.1313,0
GPU,1313,2.4845,0
GPU,1314,2.6254,0
GPU,1315,2.4938,0
GPU,1316,3.142,0
GPU,1317,2.6562,0
GPU,1318,2.6192,0
GPU,1319,5.0471,0
GPU,1320,3.1435,0
GPU,1321,2.7173,0
GPU,1322,2.568,0
GPU,1323,2.4449,0
GPU,1324,2.7199,0
GPU,1325,2.5848,0
GPU,1326,2.5009,0
GPU,1327,2.4323,0
GPU,1328,2.6218,0
GPU,1329,2.5718,0
GPU,1330,2.5489,0
GPU,1331,2.6112,0
GPU,1332,2.5654,0
GPU,1333,2.4491,0
GPU,1334,2.4827,0
GPU,1335,2.6882,0
GPU,1336,2.5218,0
GPU,1337,2.4639,0
GPU,1338,2.5028,0
GPU,1339,2.8131,0
GPU,1340,2.6004,0
GPU,1341,2.8555,0
GPU,1342,2.7865,0
GPU,1343,2.8907,0
GPU,1344,2.6171,0
GPU,1345,3.0019,0
GPU,1346,3.164,0
GPU,1347,2.6828,0
GPU,1348,2.5865,0
GPU,1349,3.4083,0
GPU,1350,3.3641,0
GPU,1351,3.3289,0
GPU,1352,2.6479,0
GPU,1353,2.5449,0
GPU,1354,2.8061,0
GPU,1355,2.5538,0
GPU,1356,2.8889,0
GPU,1357,2.5925,0
GPU,1358,3.2482,0
GPU,1359,2.847,0
GPU,1360,2.706,0
GPU,1361,2.5752,0
GPU,1362,3.3311,0
GPU,1363,2.778,0
GPU,1364,2.6126,0
GPU,1365,2.9809,0
GPU,1366,2.6661,0
GPU,1367,2.6415,0
GPU,1368,2.7351,0
GPU,1369,2.7269,0
GPU,1370,2.781,0
GPU,1371,2.7186,0
GPU,1372,2.6861,0
GPU,1373,2.7384,0
GPU,1374,3.3883,0
GPU,1375,2.7783,0
GPU,1376,2.8357,0
GPU,1377,3.7535,0
GPU,1378,2.7516,0
GPU,1379,2.551,0
GPU,1380,2.7588,0
GPU,1381,2.6424,0
GPU,1382,2.6437,0
GPU,1383,2.7049,0
GPU,1384,2.5924,0
GPU,1385,2.7042,0
GPU,1386,3.0332,0
GPU,1387,2.9404,0
GPU,1388,2.589,0
GPU,1389,2.5198,0
GPU,1390,3.2217,0
GPU,1391,2.567,0
GPU,1392,2.5003,0
GPU,1393,2.4473,0
GPU,1394,2.6168,0
GPU,1395,2.7062,0
GPU,1396,2.5781,0
GPU,1397,2.5366,0
GPU,1398,2.4623,0
GPU,1399,2.869,0
GPU,1400,2.5454,0
GPU,1401,2.6309,0
GPU,1402,2.83,0
GPU,1403,2.8124,0
GPU,1404,2.6462,0
GPU,1405,2.5709,0
GPU,1406,2.8035,0
GPU,1407,2.5342,0
GPU,1408,2.5623,0
GPU,1409,2.6085,0
GPU,1410,3.0875,0
GPU,1411,2.6055,0
GPU,1412,3.2634,0
GPU,1413,2.8964,0
GPU,1414,2.6152,0
GPU,1415,2.4314,0
GPU,1416,3.1818,0
GPU,1417,2.7151,0
GPU,1418,2.5928,0
GPU,1419,2.7359,0
GPU,1420,2.5974,0
GPU,1421,2.554,0
GPU,1422,2.5766,0
GPU,1423,2.586,0
GPU,1424,2.7291,0
GPU,1425,2.5037,0
GPU,1426,2.6461,0
GPU,1427,2.5194,0
GPU,1428,2.7,0
GPU,1429,2.5537,0
GPU,1430,3.2913,0
GPU,1431,2.5902,0
GPU,1432,2.6589,0
GPU,1433,2.652,0
GPU,1434,3.2675,0
GPU,1435,2.6555,0
GPU,1436,2.6057,0
GPU,1437,2.6356,0
GPU,1438,3.2564,0
GPU,1439,2.6638,0
GPU,1440,2.5623,0
GPU,1441,2.5199,0
GPU,1442,3.3186,0
GPU,1443,2.6708,0
GPU,1444,2.5965,0
GPU,1445,2.5032,0
GPU,1446,3.324,0
GPU,1447,2.6018,0
GPU,1448,3.1892,0
GPU,1449,2.7125,0
GPU,1450,2.7772,0
GPU,1451,2.7094,0
GPU,1452,3.0973,0
GPU,1453,2.6994,0
GPU,1454,2.4786,0
GPU,1455,2.5471,0
GPU,1456,2.6323,0
GPU,1457,3.3261,0
GPU,1458,2.6236,0
GPU,1459,2.6468,0
GPU,1460,2.7482,0
GPU,1461,3.2991,0
GPU,1462,3.2375,0
GPU,1463,2.7421,0
GPU,1464,2.675,0
GPU,1465,2.6237,0
GPU,1466,3.4419,0
GPU,1467,2.9635,0
GPU,1468,2.4745,0
GPU,1469,2.6671,0
GPU,1470,3.2424,0
GPU,1471,3.0256,0
GPU,1472,3.1759,0
GPU,1473,3.5193,0
GPU,1474,2.875,0
GPU,1475,2.6489,0
GPU,1476,2.6236,0
GPU,1477,2.7714,0
GPU,1478,2.9886,0
GPU,1479,2.6728,0
GPU,1480,2.8219,0
GPU,1481,2.6454,0
GPU,1482,2.4746,0
GPU,1483,2.6907,0
GPU,1484,2.7747,0
GPU,1485,2.6232,0
GPU,1486,2.5687,0
GPU,1487,2.7027,0
GPU,1488,2.9676,0
GPU,1489,3.4968,0
GPU,1490,2.7518,0
GPU,1491,2.4959,0
GPU,1492,2.491,0
GPU,1493,2.5074,0
GPU,1494,3.2118,0
GPU,1495,2.632,0
GPU,1496,2.5415,0
GPU,1497,2.4808,0
GPU,1498,2.8345,0
GPU,1499,2.7395,0
GPU,1500,2.5355,0
GPU,1501,2.7171,0
GPU,1502,2.6143,0
GPU,1503,2.5187,0
GPU,1504,2.4325,0
GPU,1505,2.5083,0
GPU,1506,2.527,0
GPU,1507,2.5887,0
GPU,1508,2.5978,0
GPU,1509,3.0367,0
GPU,1510,2.7963,0
GPU,1511,2.5381,0
GPU,1512,2.5991,0
GPU,1513,2.7341,0
GPU,1514,2.664,0
GPU,1515,2.6019,0
GPU,1516,2.6475,0
GPU,1517,2.5839,0
GPU,1518,2.6299,0
GPU,1519,2.7331,0
GPU,1520,3.555,0
GPU,1521,3.1456,0
GPU,1522,2.8824,0
GPU,1523,3.2069,0
GPU,1524,2.5486,0
GPU,1525,3.1603,0
GPU,1526,2.6575,0
GPU,1527,3.285,0
GPU,1528,2.6903,0
GPU,1529,3.2926,0
GPU,1530,3.1035,0
GPU,1531,2.7183,0
GPU,1532,2.4902,0
GPU,1533,2.4682,0
GPU,1534,3.3324,0
GPU,1535,2.8092,0
GPU,1536,2.6141,0
GPU,1537,2.4378,0
GPU,1538,3.272,0
GPU,1539,3.4857,0
GPU,1540,3.3476,0
GPU,1541,2.8696,0
GPU,1542,2.8984,0
GPU,1543,2.8582,0
GPU,1544,2.6436,0
GPU,1545,2.8451,0
GPU,1546,2.8048,0
GPU,1547,2.9559,0
GPU,1548,2.9507,0
GPU,1549,3.0004,0
GPU,1550,2.8613,0
GPU,1551,2.8668,0
GPU,1552,2.8702,0
GPU,1553,2.7311,0
GPU,1554,2.7971,0
GPU,1555,3.0219,0
GPU,1556,4.0305,0
GPU,1557,2.8315,0
GPU,1558,3.2412,0
GPU,1559,2.877,0
GPU,1560,2.7497,0
GPU,1561,3.5423,0
GPU,1562,3.5855,0
GPU,1563,2.9252,0
GPU,1564,2.8987,0
GPU,1565,2.7537,0
GPU,1566,3.0296,0
GPU,1567,3.3999,0
GPU,1568,2.8709,0
GPU,1569,2.7704,0
GPU,1570,3.6092,0
GPU,1571,3.3966,0
GPU,1572,2.6997,0
GPU,1573,2.7997,0
GPU,1574,3.3012,0
GPU,1575,3.3011,0
GPU,1576,2.7934,0
GPU,1577,2.7287,0
GPU,1578,2.7949,0
GPU,1579,3.0869,0
GPU,1580,2.9796,0
GPU,1581,2.6591,0
GPU,1582,2.9462,0
GPU,1583,3.5841,0
GPU,1584,2.7385,0
GPU,1585,2.5573,0
GPU,1586,2.762,0
GPU,1587,3.4021,0
GPU,1588,2.5885,0
GPU,1589,2.8187,0
GPU,1590,2.7603,0
GPU,1591,2.7147,0
GPU,1592,2.8273,0
GPU,1593,2.7967,0
GPU,1594,3.3143,0
GPU,1595,2.6733,0
GPU,1596,2.9109,0
GPU,1597,2.9897,0
GPU,1598,2.8569,0
GPU,1599,3.4111,0
GPU,1600,2.7448,0
GPU,1601,2.7043,0
GPU,1602,3.4924,0
GPU,1603,2.7055,0
GPU,1604,2.6527,0
GPU,1605,2.7097,0
GPU,1606,2.6826,0
GPU,1607,2.7112,0
GPU,1608,2.6812,0
GPU,1609,2.6033,0
GPU,1610,2.9495,0
GPU,1611,2.6399,0
GPU,1612,2.8113,0
GPU,1613,2.7006,0
GPU,1614,2.6254,0
GPU,1615,2.7308,0
GPU,1616,2.7919,0
GPU,1617,2.6898,0
GPU,1618,2.7537,0
GPU,1619,2.8085,0
GPU,1620,2.6259,0
GPU,1621,2.6273,0
GPU,1622,2.5968,0
GPU,1623,2.8393,0
GPU,1624,2.621,0
GPU,1625,2.6232,0
GPU,1626,2.9914,0
GPU,1627,2.8185,0
GPU,1628,2.6302,0
GPU,1629,2.6174,0
GPU,1630,3.6246,0
GPU,1631,2.6857,0
GPU,1632,2.5909,0
GPU,1633,2.7222,0
GPU,1634,2.5659,0
GPU,1635,2.8403,0
GPU,1636,2.7631,0
GPU,1637,2.5442,0
GPU,1638,2.6737,0
GPU,1639,2.7493,0
GPU,1640,2.4297,0
GPU,1641,2.4934,0
GPU,1642,2.5758,0
GPU,1643,2.575,0
GPU,1644,2.5092,0
GPU,1645,2.4918,0
GPU,1646,2.8763,0
GPU,1647,2.6489,0
GPU,1648,2.5325,0
GPU,1649,2.505,0
GPU,1650,2.7405,0
GPU,1651,2.5863,0
GPU,1652,2.5427,0
GPU,1653,2.9256,0
GPU,1654,2.7008,0
GPU,1655,2.8975,0
GPU,1656,3.8233,0
GPU,1657,2.9509,0
GPU,1658,3.6312,0
GPU,1659,3.0201,0
GPU,1660,3.1515,0
GPU,1661,3.6436,0
GPU,1662,3.1477,0
GPU,1663,3.1478,0
GPU,1664,3.1902,0
GPU,1665,3.0781,0
GPU,1666,2.9523,0
GPU,1667,3.37,0
GPU,1668,5.0503,0
GPU,1669,4.622,0
GPU,1670,4.8121,0
GPU,1671,4.4166,0
GPU,1672,4.5969,0
GPU,1673,4.4469,0
GPU,1674,4.3015,0
GPU,1675,4.5271,0
GPU,1676,4.2568,0
GPU,1677,4.3985,0
GPU,1678,4.363,0
GPU,1679,4.2884,0
GPU,1680,4.1451,0
GPU,1681,4.703,0
GPU,1682,4.5549,0
GPU,1683,3.955,0
GPU,1684,4.0872,0
GPU,1685,3.9226,0
GPU,1686,4.0079,0
GPU,1687,3.8982,0
GPU,1688,3.8479,0
GPU,1689,3.6977,0
GPU,1690,4.4779,0
GPU,1691,5.0708,0
GPU,1692,3.7981,0
GPU,1693,4.67,0
GPU,1694,4.7104,0
GPU,1695,4.1167,0
GPU,1696,3.9116,0
GPU,1697,3.8724,0
GPU,1698,4.0754,0
GPU,1699,3.7552,0
GPU,1700,3.52,0
GPU,1701,3.5731,0
GPU,1702,4.264,0
GPU,1703,4.2256,0
GPU,1704,3.5847,0
GPU,1705,3.452,0
GPU,1706,4.2472,0
GPU,1707,3.5345,0
GPU,1708,3.6265,0
GPU,1709,3.6474,0
GPU,1710,3.7653,0
GPU,1711,3.8084,0
GPU,1712,3.7151,0
GPU,1713,4.1702,0
GPU,1714,3.6487,0
GPU,1715,3.6017,0
GPU,1716,3.5071,0
GPU,1717,3.9914,0
GPU,1718,3.6558,0
GPU,1719,3.5449,0
GPU,1720,3.3988,0
GPU,1721,3.5665,0
GPU,1722,3.5438,0
GPU,1723,4.1926,0
GPU,1724,4.0876,0
GPU,1725,3.6144,0
GPU,1726,3.615,0
GPU,1727,4.1731,0
GPU,1728,3.676,0
GPU,1729,3.623,0
GPU,1730,4.1302,0
GPU,1731,3.6304,0
GPU,1732,3.7907,0
GPU,1733,3.8101,0
GPU,1734,3.8598,0
GPU,1735,3.6708,0
GPU,1736,4.5409,0
GPU,1737,3.8488,0
GPU,1738,3.6232,0
GPU,1739,3.0419,0
GPU,1740,2.6717,0
GPU,1741,2.2201,0
GPU,1742,2.2208,0
GPU,1743,2.1968,0
GPU,1744,2.2591,0
GPU,1745,2.2197,0
GPU,1746,2.2764,0
GPU,1747,2.2215,0
GPU,1748,2.4324,0
GPU,1749,2.2917,0
GPU,1750,2.2777,0
GPU,1751,2.3014,0
GPU,1752,2.4043,0
GPU,1753,2.4488,0
GPU,1754,2.4202,0
GPU,1755,2.3229,0
GPU,1756,3.0161,0
GPU,1757,2.5248,0
GPU,1758,2.4205,0
GPU,1759,3.0821,0
GPU,1760,3.2067,0
GPU,1761,2.4419,0
GPU,1762,2.5082,0
GPU,1763,2.5752,0
GPU,1764,2.4225,0
GPU,1765,2.5119,0
GPU,1766,2.5036,0
GPU,1767,2.7704,0
GPU,1768,2.4136,0
GPU,1769,2.6531,0
GPU,1770,2.4409,0
GPU,1771,2.4571,0
GPU,1772,2.4218,0
GPU,1773,2.6771,0
GPU,1774,2.5463,0
GPU,1775,2.4996,0
GPU,1776,2.3881,0
GPU,1777,3.1315,0
GPU,1778,2.6025,0
GPU,1779,2.5315,0
GPU,1780,2.4362,0
GPU,1781,2.642,0
GPU,1782,3.1545,0
GPU,1783,2.9669,0
GPU,1784,3.1377,0
GPU,1785,2.6702,0
GPU,1786,2.4873,0
GPU,1787,2.3934,0
GPU,1788,2.706,0
GPU,1789,2.3747,0
GPU,1790,2.4018,0
GPU,1791,2.4718,0
GPU,1792,2.7558,0
GPU,1793,2.787,0
GPU,1794,2.5047,0
GPU,1795,3.7076,0
GPU,1796,2.9255,0
GPU,1797,5.1996,0
GPU,1798,4.2916,0
GPU,1799,3.8647,0
GPU,1800,4.2787,0
GPU,1801,2.8737,0
GPU,1802,2.7689,0
GPU,1803,3.0752,0
GPU,1804,2.824,0
GPU,1805,2.8042,0
GPU,1806,2.8154,0
GPU,1807,2.9208,0
GPU,1808,3.7925,0
GPU,1809,2.9266,0
GPU,1810,2.7846,0
GPU,1811,2.773,0
GPU,1812,2.9049,0
GPU,1813,2.9928,0
GPU,1814,2.7569,0
GPU,1815,3.1117,0
GPU,1816,3.9898,0
GPU,1817,2.8402,0
GPU,1818,2.6296,0
GPU,1819,2.7239,0
GPU,1820,2.7006,0
GPU,1821,2.6345,0
GPU,1822,2.6889,0
GPU,1823,2.6295,0
GPU,1824,2.6489,0
GPU,1825,3.0132,0
GPU,1826,2.5682,0
GPU,1827,2.6698,0
GPU,1828,3.6682,0
GPU,1829,2.7865,0
GPU,1830,2.6557,0
GPU,1831,2.5904,0
GPU,1832,3.3819,0
GPU,1833,2.3882,0
GPU,1834,2.695,0
GPU,1835,2.6589,0
GPU,1836,2.6104,0
GPU,1837,2.5647,0
GPU,1838,2.6233,0
GPU,1839,2.7426,0
GPU,1840,2.5272,0
GPU,1841,2.845,0
GPU,1842,2.508,0
GPU,1843,3.5672,0
GPU,1844,2.6755,0
GPU,1845,2.5126,0
GPU,1846,3.354,0
GPU,1847,3.4142,0
GPU,1848,2.6411,0
GPU,1849,2.5195,0
GPU,1850,2.8229,0
GPU,1851,2.6576,0
GPU,1852,2.7976,0
GPU,1853,2.6204,0
GPU,1854,2.6345,0
GPU,1855,3.298,0
GPU,1856,2.6249,0
GPU,1857,2.6557,0
GPU,1858,2.6702,0
GPU,1859,2.7532,0
GPU,1860,3.5311,0
GPU,1861,2.8387,0
GPU,1862,2.9112,0
GPU,1863,3.5071,0
GPU,1864,3.5354,0
GPU,1865,2.6258,0
GPU,1866,2.7958,0
GPU,1867,2.9892,0
GPU,1868,3.0429,0
GPU,1869,2.7292,0
GPU,1870,2.6597,0
GPU,1871,2.6506,0
GPU,1872,2.908,0
GPU,1873,2.6071,0
GPU,1874,2.5676,0
GPU,1875,2.508,0
GPU,1876,2.797,0
GPU,1877,2.5641,0
GPU,1878,2.5124,0
GPU,1879,2.6146,0
GPU,1880,2.486,0
GPU,1881,2.507,0
GPU,1882,2.4063,0
GPU,1883,2.5814,0
GPU,1884,3.0597,0
GPU,1885,3.1302,0
GPU,1886,2.4655,0
GPU,1887,2.3722,0
GPU,1888,2.3883,0
GPU,1889,2.4039,0
GPU,1890,2.372,0
GPU,1891,2.3768,0
GPU,1892,2.4932,0
GPU,1893,2.5218,0
GPU,1894,2.3437,0
GPU,1895,2.356,0
GPU,1896,2.6958,0
GPU,1897,2.7384,0
GPU,1898,2.7791,0
GPU,1899,2.8662,0
GPU,1900,2.5273,0
GPU,1901,2.4678,0
CPU,1,8.864,0
CPU,2,152.822,1
CPU,3,152.122,1
CPU,4,131.858,1
CPU,5,127.735,1
CPU,6,148.773,1
CPU,7,171.655,1
CPU,8,153.205,1
CPU,9,131.993,1
CPU,10,126.23,1
CPU,11,121.919,1
CPU,12,120.963,1
CPU,13,126.296,1
CPU,14,124.312,1
CPU,15,139.594,1
CPU,16,127.038,1
CPU,17,144.176,1
CPU,18,147.625,1
CPU,19,132.197,1
CPU,20,120.105,1
CPU,21,121.449,1
CPU,22,120.997,1
CPU,23,129.042,1
CPU,24,124.082,1
CPU,25,115.178,1
CPU,26,135.566,1
CPU,27,154.723,1
CPU,28,184.193,1
CPU,29,208.399,1
CPU,30,215.35,1
CPU,31,179.805,1
CPU,32,193.756,1
CPU,33,163.589,1
CPU,34,153.16,1
CPU,35,159.173,1
CPU,36,173.23,1
CPU,37,159.305,1
CPU,38,157.006,1
CPU,39,153.275,1
CPU,40,148.289,1
CPU,41,128.969,1
CPU,42,142.023,1
CPU,43,127.989,1
CPU,44,121.51,1
CPU,45,125.5,1
CPU,46,139.249,1
CPU,47,140.487,1
CPU,48,139.529,1
CPU,49,125.032,1
CPU,50,128.03,1
CPU,51,132.584,1
CPU,52,137.403,1
CPU,53,135.039,1
CPU,54,125.246,1
CPU,55,123.179,1
CPU,56,125.726,1
CPU,57,153.045,1
CPU,58,171.196,1
CPU,59,185.676,1
CPU,60,204.169,1
CPU,61,203.367,1
CPU,62,153.855,1
CPU,63,125.284,1
CPU,64,131.44,1
CPU,65,152.066,1
CPU,66,181.14,1
CPU,67,182.385,1
CPU,68,161.188,1
CPU,1,8.0667,0
CPU,2,149.326,1
CPU,3,182.304,1
CPU,4,159.513,1
CPU,5,141.428,1
CPU,6,166.117,1
CPU,7,174.315,1
CPU,8,170.805,1
CPU,9,157.821,1
CPU,10,150.694,1
CPU,11,134.893,1
CPU,12,147.314,1
CPU,13,145.005,1
CPU,14,130.002,1
CPU,15,141.507,1
CPU,16,149.364,1
CPU,17,150.069,1
CPU,18,125.669,1
CPU,19,120.334,1
CPU,20,126.592,1
CPU,21,121.833,1
CPU,22,123.598,1
CPU,23,122.429,1
CPU,24,133.905,1
CPU,25,142.252,1
CPU,26,171.41,1
CPU,27,156.555,1
CPU,28,174.962,1
CPU,29,160.233,1
CPU,30,148.173,1
CPU,31,178.948,1
CPU,32,166.783,1
CPU,33,204.234,1
CPU,34,239.312,1
CPU,35,170.921,1
CPU,36,192.165,1
CPU,37,139.971,1
CPU,38,125.095,1
CPU,39,120.967,1
CPU,40,135.032,1
CPU,41,134.92,1
CPU,42,149.016,1
CPU,43,139.358,1
CPU,44,145.601,1
CPU,45,139.099,1
CPU,46,169.849,1
CPU,47,134.859,1
CPU,48,124.38,1
CPU,49,126.003,1
CPU,50,135.1,1
CPU,51,129.812,1
CPU,52,121.214,1
CPU,53,124.311,1
CPU,54,132.347,1
CPU,55,146.913,1
CPU,56,133.836,1
CPU,57,133.768,1
CPU,58,143.558,1
CPU,59,127.028,1
CPU,60,122.058,1
CPU,61,121.727,1
CPU,62,132.485,1
CPU,63,148.416,1
CPU,64,146.156,1
CPU,65,187.512,1
CPU,66,202.747,1
CPU,67,186.603,1
CPU,68,183.166,1
CPU,1,8.008,0
CPU,2,143.787,1
CPU,3,156.305,1
CPU,4,140.378,1
CPU,5,142.676,1
CPU,6,163.971,1
CPU,7,186.83,1
CPU,8,191.779,1
CPU,9,177.592,1
CPU,10,143.081,1
CPU,11,140.388,1
CPU,12,157.877,1
CPU,13,125.704,1
CPU,14,124.368,1
CPU,15,133.848,1
CPU,16,146.793,1
CPU,17,137.093,1
CPU,18,138.408,1
CPU,19,141.529,1
CPU,20,145.302,1
CPU,21,136.413,1
CPU,22,158.785,1
CPU,23,173.899,1
CPU,24,141.964,1
CPU,25,156.289,1
CPU,26,159.092,1
CPU,27,147.539,1
CPU,28,134.506,1
CPU,29,144.032,1
CPU,30,172.403,1
CPU,31,170.809,1
CPU,32,161.14,1
CPU,33,168.689,1
CPU,34,150.005,1
CPU,35,138.045,1
CPU,36,160.131,1
CPU,37,137.58,1
CPU,38,121.276,1
CPU,39,121.035,1
CPU,40,129.454,1
CPU,41,121.266,1
CPU,42,131.992,1
CPU,43,130.808,1
CPU,44,129.817,1
CPU,45,136.864,1
CPU,46,143.428,1
CPU,47,143.308,1
CPU,48,123.046,1
CPU,49,141.832,1
CPU,50,117.547,1
CPU,51,125.245,1
CPU,52,123.45,1
CPU,53,120.864,1
CPU,54,117.369,1
CPU,55,130.566,1
CPU,56,138.978,1
CPU,57,141.695,1
CPU,58,129.751,1
CPU,59,123.317,1
CPU,60,119.937,1
CPU,61,119.32,1
CPU,62,121.901,1
CPU,63,123.804,1
CPU,64,123.447,1
CPU,65,124.276,1
CPU,66,141.764,1
CPU,67,146.514,1
CPU,68,141.127,1
CPU,69,136.792,1
CPU,70,127.682,1
CPU,71,119.901,1
